maintenance_id,material_id,quantity,warehouse_id
MNT-000001,MAT-011,6,WH-001
MNT-000001,MAT-015,4,WH-001
MNT-000002,MAT-004,4,WH-002
MNT-000002,MAT-035,1,WH-002
MNT-000003,MAT-009,6,WH-004
MNT-000004,MAT-016,5,WH-001
MNT-000005,MAT-004,5,WH-002
MNT-000005,MAT-012,1,WH-002
MNT-000006,MAT-010,4,WH-002
MNT-000007,MAT-010,3,WH-001
MNT-000008,MAT-014,1,WH-001
MNT-000009,MAT-004,4,WH-002
MNT-000010,MAT-004,2,WH-002
MNT-000011,MAT-002,8,WH-004
MNT-000012,MAT-018,4,WH-003
MNT-000013,MAT-002,6,WH-001
MNT-000014,MAT-017,4,WH-002
MNT-000014,MAT-035,4,WH-002
MNT-000015,MAT-004,6,WH-003
MNT-000016,MAT-009,4,WH-001
MNT-000017,MAT-004,4,WH-002
MNT-000018,MAT-023,6,WH-003
MNT-000019,MAT-013,5,WH-004
MNT-000020,MAT-004,6,WH-003
MNT-000020,MAT-007,5,WH-003
MNT-000021,MAT-008,4,WH-004
MNT-000022,MAT-013,6,WH-004
MNT-000022,MAT-027,2,WH-004
MNT-000023,MAT-003,4,WH-001
MNT-000024,MAT-039,2,WH-001
MNT-000025,MAT-004,8,WH-002
MNT-000026,MAT-008,5,WH-003
MNT-000028,MAT-006,5,WH-002
MNT-000029,MAT-017,1,WH-001
MNT-000030,MAT-014,5,WH-001
MNT-000032,MAT-009,6,WH-001
MNT-000032,MAT-016,5,WH-001
MNT-000033,MAT-016,4,WH-004
MNT-000034,MAT-040,5,WH-003
MNT-000035,MAT-005,3,WH-003
MNT-000036,MAT-022,3,WH-002
MNT-000037,MAT-003,4,WH-002
MNT-000038,MAT-005,5,WH-004
MNT-000038,MAT-037,3,WH-004
MNT-000039,MAT-003,2,WH-002
MNT-000040,MAT-012,3,WH-003
MNT-000041,MAT-004,2,WH-003
MNT-000042,MAT-024,2,WH-003
MNT-000044,MAT-030,4,WH-004
MNT-000045,MAT-025,2,WH-001
MNT-000045,MAT-028,3,WH-001
MNT-000046,MAT-031,5,WH-003
MNT-000047,MAT-004,2,WH-003
MNT-000048,MAT-002,2,WH-004
MNT-000049,MAT-004,4,WH-002
MNT-000050,MAT-016,5,WH-004
MNT-000050,MAT-019,5,WH-004
MNT-000051,MAT-017,6,WH-001
MNT-000052,MAT-009,5,WH-004
MNT-000054,MAT-017,2,WH-002
MNT-000055,MAT-018,1,WH-002
MNT-000056,MAT-031,3,WH-002
MNT-000057,MAT-033,4,WH-001
MNT-000059,MAT-034,3,WH-002
MNT-000060,MAT-012,2,WH-003
MNT-000061,MAT-032,4,WH-004
MNT-000062,MAT-018,6,WH-002
MNT-000063,MAT-005,6,WH-004
MNT-000064,MAT-009,6,WH-001
MNT-000064,MAT-016,4,WH-001
MNT-000065,MAT-004,10,WH-002
MNT-000066,MAT-023,8,WH-002
MNT-000067,MAT-020,4,WH-001
MNT-000069,MAT-002,4,WH-004
MNT-000070,MAT-036,6,WH-002
MNT-000071,MAT-040,5,WH-002
MNT-000072,MAT-017,2,WH-002
MNT-000073,MAT-035,2,WH-003
MNT-000075,MAT-007,7,WH-002
MNT-000076,MAT-038,6,WH-004
MNT-000077,MAT-016,2,WH-004
MNT-000078,MAT-014,2,WH-004
MNT-000079,MAT-014,6,WH-001
MNT-000081,MAT-033,2,WH-001
MNT-000082,MAT-010,6,WH-002
MNT-000083,MAT-007,3,WH-003
MNT-000084,MAT-037,8,WH-004
MNT-000085,MAT-014,2,WH-004
MNT-000086,MAT-002,3,WH-001
MNT-000086,MAT-015,4,WH-001
MNT-000087,MAT-017,1,WH-002
MNT-000088,MAT-007,4,WH-003
MNT-000088,MAT-013,1,WH-003
MNT-000089,MAT-025,6,WH-001
MNT-000090,MAT-018,6,WH-002
MNT-000092,MAT-013,2,WH-003
MNT-000093,MAT-012,2,WH-003
MNT-000094,MAT-015,6,WH-001
MNT-000095,MAT-007,2,WH-002
MNT-000096,MAT-001,6,WH-003
MNT-000097,MAT-001,5,WH-004
MNT-000098,MAT-003,4,WH-001
MNT-000099,MAT-003,1,WH-001
MNT-000100,MAT-004,5,WH-002
MNT-000101,MAT-018,6,WH-003
MNT-000101,MAT-019,1,WH-003
MNT-000102,MAT-009,6,WH-004
MNT-000103,MAT-039,6,WH-002
MNT-000104,MAT-013,2,WH-004
MNT-000104,MAT-014,6,WH-004
MNT-000105,MAT-007,5,WH-003
MNT-000107,MAT-012,8,WH-003
MNT-000108,MAT-007,3,WH-002
MNT-000109,MAT-031,5,WH-003
MNT-000110,MAT-022,8,WH-002
MNT-000112,MAT-022,2,WH-001
MNT-000113,MAT-013,4,WH-003
MNT-000114,MAT-013,7,WH-004
MNT-000115,MAT-008,1,WH-004
MNT-000116,MAT-013,5,WH-004
MNT-000117,MAT-012,10,WH-003
MNT-000118,MAT-006,4,WH-002
MNT-000119,MAT-014,7,WH-004
MNT-000120,MAT-006,5,WH-001
MNT-000121,MAT-019,2,WH-003
MNT-000123,MAT-017,4,WH-001
MNT-000124,MAT-003,3,WH-001
MNT-000125,MAT-008,7,WH-003
MNT-000126,MAT-013,4,WH-003
MNT-000127,MAT-007,1,WH-003
MNT-000128,MAT-006,2,WH-001
MNT-000128,MAT-009,4,WH-001
MNT-000129,MAT-007,3,WH-003
MNT-000130,MAT-034,3,WH-001
MNT-000131,MAT-017,2,WH-001
MNT-000132,MAT-013,4,WH-004
MNT-000133,MAT-006,3,WH-001
MNT-000133,MAT-009,3,WH-001
MNT-000134,MAT-032,5,WH-003
MNT-000134,MAT-036,6,WH-003
MNT-000135,MAT-001,3,WH-003
MNT-000136,MAT-032,5,WH-003
MNT-000137,MAT-040,2,WH-003
MNT-000138,MAT-015,8,WH-001
MNT-000139,MAT-020,6,WH-004
MNT-000140,MAT-011,8,WH-002
MNT-000141,MAT-003,2,WH-002
MNT-000142,MAT-003,7,WH-002
MNT-000143,MAT-011,2,WH-002
MNT-000144,MAT-004,8,WH-003
MNT-000146,MAT-025,5,WH-004
MNT-000146,MAT-030,4,WH-004
MNT-000147,MAT-033,4,WH-001
MNT-000148,MAT-005,4,WH-004
MNT-000148,MAT-014,4,WH-004
MNT-000149,MAT-012,1,WH-002
MNT-000149,MAT-015,1,WH-002
MNT-000150,MAT-027,4,WH-004
MNT-000151,MAT-007,5,WH-003
MNT-000152,MAT-033,4,WH-001
MNT-000154,MAT-015,2,WH-002
MNT-000154,MAT-028,5,WH-002
MNT-000155,MAT-033,2,WH-004
MNT-000156,MAT-032,1,WH-004
MNT-000157,MAT-039,2,WH-001
MNT-000158,MAT-004,4,WH-002
MNT-000159,MAT-018,5,WH-003
MNT-000160,MAT-003,4,WH-002
MNT-000161,MAT-020,7,WH-004
MNT-000162,MAT-021,2,WH-001
MNT-000163,MAT-002,1,WH-001
MNT-000163,MAT-006,1,WH-001
MNT-000164,MAT-001,2,WH-004
MNT-000165,MAT-003,4,WH-001
MNT-000166,MAT-007,5,WH-003
MNT-000167,MAT-013,8,WH-004
MNT-000168,MAT-025,2,WH-004
MNT-000169,MAT-016,6,WH-001
MNT-000170,MAT-039,3,WH-002
MNT-000171,MAT-032,2,WH-004
MNT-000172,MAT-017,4,WH-002
MNT-000173,MAT-033,2,WH-004
MNT-000175,MAT-023,7,WH-002
MNT-000176,MAT-028,6,WH-002
MNT-000177,MAT-013,6,WH-003
MNT-000179,MAT-016,8,WH-001
MNT-000180,MAT-001,4,WH-004
MNT-000181,MAT-019,4,WH-004
MNT-000182,MAT-007,8,WH-002
MNT-000183,MAT-008,5,WH-003
MNT-000184,MAT-012,5,WH-002
MNT-000185,MAT-003,7,WH-002
MNT-000186,MAT-031,6,WH-002
MNT-000187,MAT-017,3,WH-002
MNT-000187,MAT-018,1,WH-002
MNT-000188,MAT-005,4,WH-004
MNT-000190,MAT-002,4,WH-001
MNT-000191,MAT-009,1,WH-001
MNT-000192,MAT-032,4,WH-003
MNT-000194,MAT-008,5,WH-003
MNT-000195,MAT-035,4,WH-002
MNT-000195,MAT-040,3,WH-002
MNT-000196,MAT-005,1,WH-004
MNT-000196,MAT-008,1,WH-004
MNT-000197,MAT-033,1,WH-001
MNT-000198,MAT-011,3,WH-002
MNT-000199,MAT-009,7,WH-004
MNT-000200,MAT-021,2,WH-004
MNT-000201,MAT-003,3,WH-002
MNT-000202,MAT-014,7,WH-004
MNT-000203,MAT-015,8,WH-001
MNT-000204,MAT-025,2,WH-001
MNT-000205,MAT-018,3,WH-003
MNT-000205,MAT-019,2,WH-003
MNT-000206,MAT-004,2,WH-003
MNT-000207,MAT-004,1,WH-003
MNT-000208,MAT-003,2,WH-002
MNT-000208,MAT-017,1,WH-002
MNT-000209,MAT-023,6,WH-002
MNT-000210,MAT-004,6,WH-002
MNT-000210,MAT-012,5,WH-002
MNT-000211,MAT-019,5,WH-003
MNT-000213,MAT-015,4,WH-001
MNT-000214,MAT-005,2,WH-003
MNT-000214,MAT-008,1,WH-003
MNT-000215,MAT-011,2,WH-001
MNT-000216,MAT-008,5,WH-004
MNT-000217,MAT-014,1,WH-004
MNT-000218,MAT-001,2,WH-003
MNT-000219,MAT-002,3,WH-001
MNT-000220,MAT-003,2,WH-001
MNT-000221,MAT-007,7,WH-003
MNT-000222,MAT-008,5,WH-003
MNT-000222,MAT-013,2,WH-003
MNT-000223,MAT-004,5,WH-003
MNT-000224,MAT-002,8,WH-004
MNT-000226,MAT-007,6,WH-002
MNT-000228,MAT-035,4,WH-002
MNT-000229,MAT-031,8,WH-003
MNT-000230,MAT-015,3,WH-002
MNT-000231,MAT-007,6,WH-003
MNT-000231,MAT-013,2,WH-003
MNT-000232,MAT-016,5,WH-004
MNT-000233,MAT-027,1,WH-004
MNT-000234,MAT-009,5,WH-001
MNT-000235,MAT-019,6,WH-003
MNT-000236,MAT-021,4,WH-001
MNT-000236,MAT-025,2,WH-001
MNT-000237,MAT-005,2,WH-003
MNT-000239,MAT-038,4,WH-001
MNT-000240,MAT-008,6,WH-004
MNT-000241,MAT-040,2,WH-002
MNT-000242,MAT-037,2,WH-003
MNT-000243,MAT-020,3,WH-004
MNT-000244,MAT-004,1,WH-002
MNT-000245,MAT-007,4,WH-003
MNT-000246,MAT-034,2,WH-001
MNT-000248,MAT-014,4,WH-004
MNT-000249,MAT-010,4,WH-002
MNT-000251,MAT-006,8,WH-001
MNT-000252,MAT-039,2,WH-001
MNT-000253,MAT-038,3,WH-004
MNT-000254,MAT-012,4,WH-002
MNT-000254,MAT-022,2,WH-002
MNT-000255,MAT-017,1,WH-002
MNT-000256,MAT-002,5,WH-001
MNT-000257,MAT-005,8,WH-004
MNT-000258,MAT-024,3,WH-004
MNT-000259,MAT-011,6,WH-001
MNT-000260,MAT-025,1,WH-001
MNT-000261,MAT-012,4,WH-003
MNT-000262,MAT-019,1,WH-003
MNT-000263,MAT-025,4,WH-004
MNT-000264,MAT-007,5,WH-003
MNT-000265,MAT-002,6,WH-001
MNT-000265,MAT-006,3,WH-001
MNT-000266,MAT-012,3,WH-002
MNT-000267,MAT-012,4,WH-003
MNT-000268,MAT-001,4,WH-004
MNT-000269,MAT-003,5,WH-001
MNT-000270,MAT-003,3,WH-002
MNT-000271,MAT-031,2,WH-002
MNT-000272,MAT-008,2,WH-004
MNT-000274,MAT-032,2,WH-004
MNT-000276,MAT-006,5,WH-001
MNT-000277,MAT-028,2,WH-002
MNT-000278,MAT-009,8,WH-001
MNT-000279,MAT-011,2,WH-002
MNT-000280,MAT-002,5,WH-004
MNT-000281,MAT-028,4,WH-001
MNT-000282,MAT-022,1,WH-001
MNT-000283,MAT-031,5,WH-003
MNT-000283,MAT-036,5,WH-003
MNT-000284,MAT-004,4,WH-002
MNT-000285,MAT-017,4,WH-002
MNT-000286,MAT-029,3,WH-002
MNT-000287,MAT-013,3,WH-003
MNT-000288,MAT-038,7,WH-004
MNT-000289,MAT-006,3,WH-001
MNT-000290,MAT-020,2,WH-004
MNT-000291,MAT-004,6,WH-003
MNT-000293,MAT-004,5,WH-003
MNT-000294,MAT-005,5,WH-004
MNT-000295,MAT-004,3,WH-002
MNT-000295,MAT-015,2,WH-002
MNT-000296,MAT-003,5,WH-002
MNT-000296,MAT-010,2,WH-002
MNT-000297,MAT-018,5,WH-002
MNT-000298,MAT-017,2,WH-002
MNT-000299,MAT-026,2,WH-004
MNT-000300,MAT-003,3,WH-002
MNT-000301,MAT-007,1,WH-002
MNT-000302,MAT-036,8,WH-003
MNT-000303,MAT-035,6,WH-002
MNT-000304,MAT-035,1,WH-002
MNT-000305,MAT-004,4,WH-003
MNT-000306,MAT-008,4,WH-004
MNT-000307,MAT-001,6,WH-004
MNT-000307,MAT-002,4,WH-004
MNT-000308,MAT-014,4,WH-001
MNT-000308,MAT-017,1,WH-001
MNT-000309,MAT-009,2,WH-001
MNT-000310,MAT-009,1,WH-001
MNT-000311,MAT-013,4,WH-004
MNT-000312,MAT-004,6,WH-002
MNT-000313,MAT-031,4,WH-002
MNT-000314,MAT-004,5,WH-002
MNT-000315,MAT-008,8,WH-003
MNT-000316,MAT-036,8,WH-003
MNT-000317,MAT-010,7,WH-002
MNT-000318,MAT-008,1,WH-004
MNT-000318,MAT-013,3,WH-004
MNT-000319,MAT-002,6,WH-004
MNT-000319,MAT-037,6,WH-004
MNT-000320,MAT-018,2,WH-003
MNT-000321,MAT-018,1,WH-003
MNT-000322,MAT-013,4,WH-003
MNT-000323,MAT-013,3,WH-003
MNT-000324,MAT-005,2,WH-004
MNT-000326,MAT-015,1,WH-001
MNT-000327,MAT-020,6,WH-001
MNT-000328,MAT-002,1,WH-001
MNT-000329,MAT-039,8,WH-001
MNT-000330,MAT-002,2,WH-001
MNT-000331,MAT-009,5,WH-001
MNT-000332,MAT-011,1,WH-001
MNT-000333,MAT-011,5,WH-002
MNT-000334,MAT-015,2,WH-002
MNT-000335,MAT-007,5,WH-003
MNT-000336,MAT-002,3,WH-001
MNT-000337,MAT-002,2,WH-001
MNT-000338,MAT-038,7,WH-001
MNT-000339,MAT-037,3,WH-004
MNT-000340,MAT-009,2,WH-004
MNT-000341,MAT-033,5,WH-004
MNT-000342,MAT-024,4,WH-004
MNT-000343,MAT-003,7,WH-002
MNT-000345,MAT-023,3,WH-003
MNT-000346,MAT-025,3,WH-001
MNT-000347,MAT-015,5,WH-002
MNT-000348,MAT-031,8,WH-003
MNT-000349,MAT-005,2,WH-003
MNT-000350,MAT-019,4,WH-004
MNT-000350,MAT-033,6,WH-004
MNT-000351,MAT-009,2,WH-001
MNT-000352,MAT-016,1,WH-001
MNT-000353,MAT-034,5,WH-001
MNT-000354,MAT-007,3,WH-002
MNT-000355,MAT-011,5,WH-002
MNT-000355,MAT-012,4,WH-002
MNT-000356,MAT-039,7,WH-001
MNT-000358,MAT-008,6,WH-003
MNT-000359,MAT-008,7,WH-003
MNT-000360,MAT-008,1,WH-003
MNT-000361,MAT-003,4,WH-001
MNT-000361,MAT-011,2,WH-001
MNT-000362,MAT-003,1,WH-002
MNT-000363,MAT-003,6,WH-002
MNT-000364,MAT-002,7,WH-001
MNT-000365,MAT-038,1,WH-001
MNT-000366,MAT-004,5,WH-002
MNT-000366,MAT-010,5,WH-002
MNT-000367,MAT-015,4,WH-001
MNT-000368,MAT-003,6,WH-002
MNT-000368,MAT-017,1,WH-002
MNT-000369,MAT-030,3,WH-004
MNT-000370,MAT-013,2,WH-004
MNT-000371,MAT-013,5,WH-003
MNT-000372,MAT-001,3,WH-004
MNT-000373,MAT-018,4,WH-003
MNT-000373,MAT-023,5,WH-003
MNT-000374,MAT-038,4,WH-004
MNT-000375,MAT-002,8,WH-004
MNT-000376,MAT-002,2,WH-004
MNT-000377,MAT-037,7,WH-004
MNT-000378,MAT-002,1,WH-004
MNT-000379,MAT-038,2,WH-004
MNT-000380,MAT-025,7,WH-001
MNT-000381,MAT-009,4,WH-004
MNT-000381,MAT-014,4,WH-004
MNT-000382,MAT-002,3,WH-004
MNT-000383,MAT-001,1,WH-003
MNT-000384,MAT-022,2,WH-002
MNT-000385,MAT-009,3,WH-004
MNT-000386,MAT-016,5,WH-004
MNT-000387,MAT-038,1,WH-004
MNT-000388,MAT-031,5,WH-002
MNT-000389,MAT-005,7,WH-003
MNT-000391,MAT-001,5,WH-003
MNT-000391,MAT-008,2,WH-003
MNT-000392,MAT-007,6,WH-003
MNT-000393,MAT-005,4,WH-003
MNT-000394,MAT-003,1,WH-001
MNT-000394,MAT-020,5,WH-001
MNT-000395,MAT-009,5,WH-004
MNT-000396,MAT-006,4,WH-002
MNT-000397,MAT-010,1,WH-002
MNT-000398,MAT-008,2,WH-004
MNT-000400,MAT-014,5,WH-001
MNT-000401,MAT-039,7,WH-002
MNT-000403,MAT-003,6,WH-002
MNT-000404,MAT-035,6,WH-003
MNT-000405,MAT-001,4,WH-003
MNT-000405,MAT-005,6,WH-003
MNT-000406,MAT-024,2,WH-003
MNT-000406,MAT-030,5,WH-003
MNT-000407,MAT-004,5,WH-002
MNT-000407,MAT-018,1,WH-002
MNT-000408,MAT-013,7,WH-004
MNT-000409,MAT-022,5,WH-002
MNT-000410,MAT-013,7,WH-003
MNT-000411,MAT-002,6,WH-001
MNT-000412,MAT-035,3,WH-003
MNT-000413,MAT-004,4,WH-002
MNT-000414,MAT-003,3,WH-002
MNT-000414,MAT-010,2,WH-002
MNT-000415,MAT-015,2,WH-002
MNT-000416,MAT-005,7,WH-003
MNT-000417,MAT-025,6,WH-004
MNT-000418,MAT-008,1,WH-004
MNT-000419,MAT-038,2,WH-001
MNT-000420,MAT-006,2,WH-002
MNT-000422,MAT-004,4,WH-002
MNT-000422,MAT-010,2,WH-002
MNT-000423,MAT-017,7,WH-002
MNT-000424,MAT-005,4,WH-004
MNT-000424,MAT-019,6,WH-004
MNT-000425,MAT-007,8,WH-003
MNT-000426,MAT-022,1,WH-002
MNT-000427,MAT-006,6,WH-002
MNT-000428,MAT-014,3,WH-004
MNT-000429,MAT-003,7,WH-001
MNT-000430,MAT-002,4,WH-001
MNT-000431,MAT-007,2,WH-003
MNT-000432,MAT-003,3,WH-001
MNT-000433,MAT-016,6,WH-001
MNT-000434,MAT-003,3,WH-002
MNT-000435,MAT-007,5,WH-003
MNT-000436,MAT-001,2,WH-003
MNT-000436,MAT-007,5,WH-003
MNT-000437,MAT-039,2,WH-001
MNT-000438,MAT-009,6,WH-001
MNT-000439,MAT-018,2,WH-003
MNT-000440,MAT-032,7,WH-004
MNT-000441,MAT-009,3,WH-001
MNT-000442,MAT-031,7,WH-003
MNT-000443,MAT-001,5,WH-004
MNT-000444,MAT-038,6,WH-004
MNT-000445,MAT-012,6,WH-003
MNT-000446,MAT-009,3,WH-004
MNT-000446,MAT-013,3,WH-004
MNT-000447,MAT-039,6,WH-001
MNT-000448,MAT-004,7,WH-002
MNT-000449,MAT-011,4,WH-001
MNT-000449,MAT-021,5,WH-001
MNT-000450,MAT-011,4,WH-001
MNT-000451,MAT-003,6,WH-002
MNT-000452,MAT-006,7,WH-001
MNT-000453,MAT-005,5,WH-003
MNT-000454,MAT-013,6,WH-003
MNT-000455,MAT-039,6,WH-001
MNT-000456,MAT-001,5,WH-004
MNT-000457,MAT-006,3,WH-001
MNT-000458,MAT-017,5,WH-001
MNT-000459,MAT-005,3,WH-004
MNT-000460,MAT-001,2,WH-004
MNT-000461,MAT-002,6,WH-001
MNT-000463,MAT-003,3,WH-001
MNT-000464,MAT-004,1,WH-002
MNT-000464,MAT-007,3,WH-002
MNT-000465,MAT-006,6,WH-001
MNT-000465,MAT-014,4,WH-001
MNT-000466,MAT-003,5,WH-002
MNT-000466,MAT-012,6,WH-002
MNT-000467,MAT-039,7,WH-002
MNT-000468,MAT-017,2,WH-002
MNT-000469,MAT-009,6,WH-004
MNT-000469,MAT-013,4,WH-004
MNT-000470,MAT-038,4,WH-001
MNT-000471,MAT-004,2,WH-003
MNT-000472,MAT-005,5,WH-004
MNT-000473,MAT-013,4,WH-004
MNT-000474,MAT-033,2,WH-004
MNT-000475,MAT-009,1,WH-004
MNT-000475,MAT-014,1,WH-004
MNT-000476,MAT-023,2,WH-002
MNT-000478,MAT-025,2,WH-004
MNT-000479,MAT-015,3,WH-001
MNT-000480,MAT-025,2,WH-001
MNT-000481,MAT-040,2,WH-002
MNT-000482,MAT-017,1,WH-002
MNT-000483,MAT-013,6,WH-004
MNT-000484,MAT-025,2,WH-004
MNT-000485,MAT-006,5,WH-002
MNT-000486,MAT-028,4,WH-002
MNT-000488,MAT-014,6,WH-004
MNT-000489,MAT-004,3,WH-002
MNT-000490,MAT-001,6,WH-003
MNT-000491,MAT-002,4,WH-004
MNT-000492,MAT-014,2,WH-004
MNT-000493,MAT-009,4,WH-004
MNT-000494,MAT-033,2,WH-001
MNT-000494,MAT-034,6,WH-001
MNT-000495,MAT-040,6,WH-003
MNT-000496,MAT-035,2,WH-003
MNT-000497,MAT-010,5,WH-001
MNT-000498,MAT-011,2,WH-001
MNT-000499,MAT-005,2,WH-003
MNT-000499,MAT-008,5,WH-003
MNT-000500,MAT-014,6,WH-001
MNT-000500,MAT-015,2,WH-001
MNT-000501,MAT-008,3,WH-004
MNT-000502,MAT-011,4,WH-002
MNT-000503,MAT-006,2,WH-002
MNT-000503,MAT-012,5,WH-002
MNT-000504,MAT-031,3,WH-002
MNT-000505,MAT-004,2,WH-002
MNT-000506,MAT-004,6,WH-003
MNT-000507,MAT-036,7,WH-003
MNT-000508,MAT-032,6,WH-004
MNT-000508,MAT-037,2,WH-004
MNT-000509,MAT-003,4,WH-002
MNT-000509,MAT-006,5,WH-002
MNT-000510,MAT-005,2,WH-004
MNT-000511,MAT-001,1,WH-004
MNT-000512,MAT-001,4,WH-003
MNT-000513,MAT-008,2,WH-003
MNT-000514,MAT-005,3,WH-004
MNT-000515,MAT-003,2,WH-002
MNT-000516,MAT-007,5,WH-003
MNT-000516,MAT-019,3,WH-003
MNT-000517,MAT-007,8,WH-002
MNT-000518,MAT-014,3,WH-001
MNT-000519,MAT-003,2,WH-002
MNT-000519,MAT-006,3,WH-002
MNT-000520,MAT-020,6,WH-004
MNT-000522,MAT-011,8,WH-001
MNT-000523,MAT-016,2,WH-001
MNT-000524,MAT-002,3,WH-004
MNT-000524,MAT-020,3,WH-004
MNT-000525,MAT-015,6,WH-001
MNT-000526,MAT-008,3,WH-003
MNT-000527,MAT-013,6,WH-003
MNT-000529,MAT-013,3,WH-003
MNT-000530,MAT-013,6,WH-003
MNT-000531,MAT-006,2,WH-001
MNT-000532,MAT-008,5,WH-003
MNT-000533,MAT-001,2,WH-003
MNT-000535,MAT-006,4,WH-002
MNT-000535,MAT-007,2,WH-002
MNT-000536,MAT-012,7,WH-002
MNT-000537,MAT-008,2,WH-004
MNT-000538,MAT-013,2,WH-004
MNT-000539,MAT-021,5,WH-001
MNT-000539,MAT-025,4,WH-001
MNT-000540,MAT-004,8,WH-003
MNT-000541,MAT-018,1,WH-003
MNT-000542,MAT-017,7,WH-001
MNT-000543,MAT-017,1,WH-001
MNT-000544,MAT-012,4,WH-003
MNT-000545,MAT-017,5,WH-002
MNT-000546,MAT-005,3,WH-003
MNT-000547,MAT-002,6,WH-004
MNT-000547,MAT-009,2,WH-004
MNT-000548,MAT-040,8,WH-002
MNT-000549,MAT-023,8,WH-003
MNT-000551,MAT-039,7,WH-001
MNT-000552,MAT-003,2,WH-001
MNT-000553,MAT-019,6,WH-003
MNT-000554,MAT-031,5,WH-002
MNT-000555,MAT-014,5,WH-001
MNT-000556,MAT-003,4,WH-001
MNT-000557,MAT-025,4,WH-001
MNT-000558,MAT-005,8,WH-004
MNT-000559,MAT-007,4,WH-002
MNT-000559,MAT-010,1,WH-002
MNT-000560,MAT-014,2,WH-001
MNT-000560,MAT-015,5,WH-001
MNT-000561,MAT-018,5,WH-002
MNT-000561,MAT-035,1,WH-002
MNT-000562,MAT-036,2,WH-003
MNT-000564,MAT-020,6,WH-001
MNT-000565,MAT-005,6,WH-004
MNT-000566,MAT-040,1,WH-003
MNT-000567,MAT-020,8,WH-004
MNT-000568,MAT-002,2,WH-001
MNT-000569,MAT-032,5,WH-004
MNT-000571,MAT-015,7,WH-002
MNT-000573,MAT-008,2,WH-004
MNT-000574,MAT-021,3,WH-004
MNT-000574,MAT-027,2,WH-004
MNT-000575,MAT-009,8,WH-001
MNT-000576,MAT-017,3,WH-001
MNT-000577,MAT-009,5,WH-001
MNT-000578,MAT-028,6,WH-001
MNT-000579,MAT-012,5,WH-002
MNT-000580,MAT-028,1,WH-002
MNT-000581,MAT-013,8,WH-003
MNT-000582,MAT-030,1,WH-003
MNT-000583,MAT-005,2,WH-004
MNT-000584,MAT-005,2,WH-003
MNT-000585,MAT-012,2,WH-003
MNT-000586,MAT-010,1,WH-001
MNT-000587,MAT-017,2,WH-002
MNT-000587,MAT-035,5,WH-002
MNT-000588,MAT-002,2,WH-004
MNT-000589,MAT-017,7,WH-002
MNT-000590,MAT-018,2,WH-002
MNT-000591,MAT-012,4,WH-003
MNT-000591,MAT-024,5,WH-003
MNT-000592,MAT-001,2,WH-004
MNT-000593,MAT-009,6,WH-004
MNT-000594,MAT-003,6,WH-002
MNT-000594,MAT-015,3,WH-002
MNT-000595,MAT-021,2,WH-004
MNT-000595,MAT-027,3,WH-004
MNT-000596,MAT-012,5,WH-003
MNT-000596,MAT-013,2,WH-003
MNT-000597,MAT-014,5,WH-004
MNT-000598,MAT-037,6,WH-004
MNT-000599,MAT-035,4,WH-002
MNT-000600,MAT-018,1,WH-002
MNT-000601,MAT-003,5,WH-002
MNT-000603,MAT-003,6,WH-002
MNT-000604,MAT-022,4,WH-001
MNT-000605,MAT-022,6,WH-002
MNT-000605,MAT-023,1,WH-002
MNT-000606,MAT-018,6,WH-002
MNT-000607,MAT-026,6,WH-004
MNT-000608,MAT-006,3,WH-001
MNT-000609,MAT-031,4,WH-003
MNT-000610,MAT-006,4,WH-001
MNT-000610,MAT-009,1,WH-001
MNT-000611,MAT-003,8,WH-002
MNT-000612,MAT-014,6,WH-004
MNT-000613,MAT-039,3,WH-002
MNT-000614,MAT-009,3,WH-004
MNT-000614,MAT-021,1,WH-004
MNT-000615,MAT-015,5,WH-001
MNT-000616,MAT-013,3,WH-004
MNT-000617,MAT-004,7,WH-002
MNT-000618,MAT-009,5,WH-004
MNT-000618,MAT-013,1,WH-004
MNT-000619,MAT-013,5,WH-004
MNT-000620,MAT-018,6,WH-003
MNT-000621,MAT-001,5,WH-003
MNT-000622,MAT-012,1,WH-003
MNT-000623,MAT-009,5,WH-004
MNT-000624,MAT-012,6,WH-002
MNT-000625,MAT-036,3,WH-003
MNT-000626,MAT-009,8,WH-001
MNT-000628,MAT-036,3,WH-003
MNT-000628,MAT-037,6,WH-003
MNT-000629,MAT-011,2,WH-002
MNT-000630,MAT-011,6,WH-001
MNT-000631,MAT-003,1,WH-001
MNT-000632,MAT-005,1,WH-004
MNT-000632,MAT-008,3,WH-004
MNT-000633,MAT-013,6,WH-003
MNT-000633,MAT-018,5,WH-003
MNT-000634,MAT-032,5,WH-003
MNT-000635,MAT-035,1,WH-003
MNT-000636,MAT-004,3,WH-002
MNT-000637,MAT-013,4,WH-004
MNT-000637,MAT-019,6,WH-004
MNT-000638,MAT-011,6,WH-001
MNT-000638,MAT-014,4,WH-001
MNT-000639,MAT-020,4,WH-001
MNT-000640,MAT-001,7,WH-004
MNT-000641,MAT-033,1,WH-004
MNT-000641,MAT-037,5,WH-004
MNT-000642,MAT-013,6,WH-004
MNT-000643,MAT-038,8,WH-004
MNT-000644,MAT-008,6,WH-003
MNT-000645,MAT-012,6,WH-003
MNT-000646,MAT-002,5,WH-001
MNT-000648,MAT-001,2,WH-003
MNT-000649,MAT-019,6,WH-003
MNT-000650,MAT-001,7,WH-003
MNT-000652,MAT-017,6,WH-002
MNT-000653,MAT-014,2,WH-001
MNT-000655,MAT-007,3,WH-003
MNT-000656,MAT-008,6,WH-004
MNT-000657,MAT-038,8,WH-001
MNT-000658,MAT-015,4,WH-001
MNT-000659,MAT-039,8,WH-001
MNT-000661,MAT-035,4,WH-002
MNT-000662,MAT-006,4,WH-001
MNT-000662,MAT-015,1,WH-001
MNT-000663,MAT-011,5,WH-001
MNT-000663,MAT-016,4,WH-001
MNT-000664,MAT-023,2,WH-002
MNT-000665,MAT-012,2,WH-002
MNT-000666,MAT-008,5,WH-003
MNT-000666,MAT-012,1,WH-003
MNT-000667,MAT-004,9,WH-002
MNT-000668,MAT-009,6,WH-001
MNT-000670,MAT-005,1,WH-003
MNT-000670,MAT-013,4,WH-003
MNT-000671,MAT-010,1,WH-001
MNT-000672,MAT-003,7,WH-001
MNT-000673,MAT-031,6,WH-002
MNT-000673,MAT-035,2,WH-002
MNT-000674,MAT-007,1,WH-003
MNT-000675,MAT-014,1,WH-004
MNT-000675,MAT-016,1,WH-004
MNT-000676,MAT-006,12,WH-002
MNT-000677,MAT-023,7,WH-002
MNT-000679,MAT-009,6,WH-001
MNT-000680,MAT-002,7,WH-004
MNT-000682,MAT-021,2,WH-001
MNT-000683,MAT-010,5,WH-002
MNT-000683,MAT-011,3,WH-002
MNT-000684,MAT-001,8,WH-004
MNT-000685,MAT-019,1,WH-004
MNT-000686,MAT-003,1,WH-001
MNT-000686,MAT-017,4,WH-001
MNT-000687,MAT-013,2,WH-003
MNT-000688,MAT-034,6,WH-001
MNT-000689,MAT-034,1,WH-001
MNT-000690,MAT-033,3,WH-004
MNT-000691,MAT-012,2,WH-003
MNT-000692,MAT-012,1,WH-003
MNT-000693,MAT-007,8,WH-002
MNT-000694,MAT-019,8,WH-004
MNT-000695,MAT-009,1,WH-004
MNT-000696,MAT-008,5,WH-003
MNT-000696,MAT-012,6,WH-003
MNT-000697,MAT-036,6,WH-003
MNT-000698,MAT-015,3,WH-002
MNT-000699,MAT-014,5,WH-001
MNT-000699,MAT-015,2,WH-001
MNT-000700,MAT-018,4,WH-002
MNT-000701,MAT-005,6,WH-003
MNT-000703,MAT-003,3,WH-001
MNT-000703,MAT-038,4,WH-001
MNT-000704,MAT-008,5,WH-003
MNT-000705,MAT-034,8,WH-002
MNT-000706,MAT-035,4,WH-003
MNT-000707,MAT-035,1,WH-003
MNT-000708,MAT-039,6,WH-002
MNT-000709,MAT-018,8,WH-002
MNT-000711,MAT-009,2,WH-004
MNT-000713,MAT-006,4,WH-001
MNT-000714,MAT-010,6,WH-002
MNT-000714,MAT-011,3,WH-002
MNT-000715,MAT-010,4,WH-001
MNT-000715,MAT-025,4,WH-001
MNT-000716,MAT-004,8,WH-002
MNT-000717,MAT-004,2,WH-002
MNT-000718,MAT-011,4,WH-001
MNT-000719,MAT-016,4,WH-004
MNT-000720,MAT-017,8,WH-002
MNT-000722,MAT-013,2,WH-004
MNT-000723,MAT-006,4,WH-001
MNT-000724,MAT-002,2,WH-001
MNT-000725,MAT-010,8,WH-002
MNT-000726,MAT-003,3,WH-002
MNT-000726,MAT-017,4,WH-002
MNT-000727,MAT-015,2,WH-002
MNT-000728,MAT-007,8,WH-003
MNT-000729,MAT-008,1,WH-003
MNT-000730,MAT-018,5,WH-002
MNT-000732,MAT-011,5,WH-001
MNT-000733,MAT-013,5,WH-003
MNT-000734,MAT-001,5,WH-004
MNT-000734,MAT-009,6,WH-004
MNT-000735,MAT-021,7,WH-004
MNT-000736,MAT-027,1,WH-004
MNT-000737,MAT-001,7,WH-004
MNT-000738,MAT-028,2,WH-001
MNT-000739,MAT-002,6,WH-001
MNT-000741,MAT-018,8,WH-003
MNT-000742,MAT-025,8,WH-004
MNT-000743,MAT-019,1,WH-003
MNT-000744,MAT-006,2,WH-001
MNT-000745,MAT-012,6,WH-003
MNT-000746,MAT-013,1,WH-003
MNT-000747,MAT-013,6,WH-004
MNT-000748,MAT-037,4,WH-004
MNT-000750,MAT-003,7,WH-001
MNT-000751,MAT-011,4,WH-001
MNT-000752,MAT-013,2,WH-003
MNT-000753,MAT-008,6,WH-004
MNT-000754,MAT-005,1,WH-004
MNT-000755,MAT-032,3,WH-004
MNT-000755,MAT-033,2,WH-004
MNT-000756,MAT-005,7,WH-004
MNT-000757,MAT-034,5,WH-001
MNT-000759,MAT-009,3,WH-004
MNT-000760,MAT-010,3,WH-002
MNT-000760,MAT-011,4,WH-002
MNT-000761,MAT-008,7,WH-003
MNT-000762,MAT-004,1,WH-003
MNT-000763,MAT-004,1,WH-002
MNT-000763,MAT-006,1,WH-002
MNT-000764,MAT-003,3,WH-002
MNT-000764,MAT-036,4,WH-002
MNT-000765,MAT-001,5,WH-004
MNT-000766,MAT-033,4,WH-001
MNT-000766,MAT-039,6,WH-001
MNT-000767,MAT-037,5,WH-003
MNT-000768,MAT-007,5,WH-003
MNT-000769,MAT-039,8,WH-002
MNT-000770,MAT-021,4,WH-001
MNT-000771,MAT-001,7,WH-003
MNT-000772,MAT-028,5,WH-002
MNT-000773,MAT-022,4,WH-002
MNT-000774,MAT-023,2,WH-002
MNT-000775,MAT-002,7,WH-004
MNT-000776,MAT-031,5,WH-002
MNT-000777,MAT-020,6,WH-001
MNT-000778,MAT-005,2,WH-004
MNT-000779,MAT-013,4,WH-003
MNT-000779,MAT-019,5,WH-003
MNT-000780,MAT-039,1,WH-001
MNT-000781,MAT-040,7,WH-003
MNT-000782,MAT-036,2,WH-003
MNT-000783,MAT-024,4,WH-003
MNT-000784,MAT-015,7,WH-001
MNT-000785,MAT-015,4,WH-002
MNT-000786,MAT-026,5,WH-003
MNT-000787,MAT-018,6,WH-002
MNT-000788,MAT-023,3,WH-003
MNT-000789,MAT-002,5,WH-001
MNT-000790,MAT-002,4,WH-004
MNT-000791,MAT-010,6,WH-002
MNT-000793,MAT-009,3,WH-004
MNT-000794,MAT-009,2,WH-004
MNT-000795,MAT-020,7,WH-004
MNT-000797,MAT-002,3,WH-004
MNT-000798,MAT-032,1,WH-004
MNT-000799,MAT-032,5,WH-004
MNT-000800,MAT-021,6,WH-004
MNT-000800,MAT-030,4,WH-004
MNT-000801,MAT-038,6,WH-004
MNT-000802,MAT-016,7,WH-001
MNT-000804,MAT-017,5,WH-002
MNT-000805,MAT-001,2,WH-003
MNT-000805,MAT-008,3,WH-003
MNT-000806,MAT-021,6,WH-004
MNT-000807,MAT-012,5,WH-003
MNT-000808,MAT-018,8,WH-002
MNT-000809,MAT-023,2,WH-002
MNT-000810,MAT-004,8,WH-002
MNT-000811,MAT-013,5,WH-003
MNT-000812,MAT-019,5,WH-003
MNT-000813,MAT-019,2,WH-004
MNT-000813,MAT-033,6,WH-004
MNT-000814,MAT-012,4,WH-002
MNT-000815,MAT-004,2,WH-002
MNT-000816,MAT-019,5,WH-003
MNT-000817,MAT-040,4,WH-003
MNT-000818,MAT-014,2,WH-004
MNT-000819,MAT-005,6,WH-004
MNT-000820,MAT-007,6,WH-003
MNT-000820,MAT-013,6,WH-003
MNT-000821,MAT-009,5,WH-004
MNT-000822,MAT-014,3,WH-001
MNT-000823,MAT-006,2,WH-001
MNT-000824,MAT-017,2,WH-002
MNT-000826,MAT-019,4,WH-003
MNT-000827,MAT-003,6,WH-001
MNT-000828,MAT-007,3,WH-002
MNT-000829,MAT-004,2,WH-002
MNT-000830,MAT-003,3,WH-001
MNT-000831,MAT-003,2,WH-001
MNT-000832,MAT-011,6,WH-002
MNT-000833,MAT-019,5,WH-003
MNT-000833,MAT-023,5,WH-003
MNT-000834,MAT-002,3,WH-004
MNT-000835,MAT-009,4,WH-004
MNT-000836,MAT-006,7,WH-001
MNT-000837,MAT-002,1,WH-001
MNT-000838,MAT-006,2,WH-001
MNT-000838,MAT-015,2,WH-001
MNT-000839,MAT-014,5,WH-004
MNT-000840,MAT-009,4,WH-004
MNT-000841,MAT-028,5,WH-001
MNT-000842,MAT-010,5,WH-002
MNT-000843,MAT-015,2,WH-002
MNT-000844,MAT-036,7,WH-002
MNT-000845,MAT-033,5,WH-004
MNT-000846,MAT-019,1,WH-004
MNT-000847,MAT-021,2,WH-001
MNT-000848,MAT-022,2,WH-001
MNT-000849,MAT-038,7,WH-001
MNT-000850,MAT-018,2,WH-003
MNT-000851,MAT-034,6,WH-001
MNT-000852,MAT-013,4,WH-004
MNT-000854,MAT-035,4,WH-002
MNT-000855,MAT-015,4,WH-001
MNT-000856,MAT-018,7,WH-003
MNT-000858,MAT-017,6,WH-002
MNT-000859,MAT-012,4,WH-003
MNT-000860,MAT-003,3,WH-002
MNT-000861,MAT-001,6,WH-003
MNT-000863,MAT-037,4,WH-003
MNT-000864,MAT-031,2,WH-003
MNT-000864,MAT-032,2,WH-003
MNT-000865,MAT-040,7,WH-003
MNT-000866,MAT-006,1,WH-002
MNT-000866,MAT-012,6,WH-002
MNT-000867,MAT-003,6,WH-002
MNT-000867,MAT-007,3,WH-002
MNT-000868,MAT-009,5,WH-004
MNT-000869,MAT-030,7,WH-004
MNT-000870,MAT-024,1,WH-004
MNT-000871,MAT-005,5,WH-003
MNT-000872,MAT-010,5,WH-001
MNT-000874,MAT-012,6,WH-002
MNT-000875,MAT-002,6,WH-001
MNT-000877,MAT-016,4,WH-001
MNT-000878,MAT-013,3,WH-004
MNT-000879,MAT-007,5,WH-002
MNT-000879,MAT-011,1,WH-002
MNT-000880,MAT-017,7,WH-002
MNT-000881,MAT-035,1,WH-003
MNT-000882,MAT-009,2,WH-001
MNT-000884,MAT-011,1,WH-002
MNT-000885,MAT-013,4,WH-004
MNT-000886,MAT-021,4,WH-004
MNT-000887,MAT-023,3,WH-003
MNT-000888,MAT-023,1,WH-003
MNT-000889,MAT-004,4,WH-002
MNT-000891,MAT-014,3,WH-004
MNT-000892,MAT-012,3,WH-003
MNT-000892,MAT-013,2,WH-003
MNT-000893,MAT-002,6,WH-004
MNT-000894,MAT-008,1,WH-003
MNT-000894,MAT-012,6,WH-003
MNT-000895,MAT-003,5,WH-001
MNT-000897,MAT-004,1,WH-002
MNT-000898,MAT-001,2,WH-003
MNT-000898,MAT-013,1,WH-003
MNT-000899,MAT-035,7,WH-003
MNT-000900,MAT-001,2,WH-004
MNT-000900,MAT-014,4,WH-004
MNT-000901,MAT-002,2,WH-004
MNT-000902,MAT-033,4,WH-001
MNT-000903,MAT-018,4,WH-002
MNT-000904,MAT-005,5,WH-004
MNT-000905,MAT-037,8,WH-004
MNT-000906,MAT-005,2,WH-004
MNT-000907,MAT-008,6,WH-003
MNT-000908,MAT-024,6,WH-003
MNT-000909,MAT-006,4,WH-001
MNT-000910,MAT-013,5,WH-004
MNT-000911,MAT-006,2,WH-002
MNT-000911,MAT-012,6,WH-002
MNT-000912,MAT-032,4,WH-004
MNT-000912,MAT-037,3,WH-004
MNT-000913,MAT-039,3,WH-002
MNT-000914,MAT-019,4,WH-003
MNT-000915,MAT-005,4,WH-004
MNT-000916,MAT-011,6,WH-001
MNT-000917,MAT-006,6,WH-001
MNT-000917,MAT-020,5,WH-001
MNT-000918,MAT-002,4,WH-004
MNT-000920,MAT-019,4,WH-003
MNT-000921,MAT-015,2,WH-001
MNT-000922,MAT-033,7,WH-001
MNT-000923,MAT-015,8,WH-002
MNT-000924,MAT-029,4,WH-002
MNT-000925,MAT-005,2,WH-004
MNT-000927,MAT-015,1,WH-002
MNT-000928,MAT-004,7,WH-002
MNT-000929,MAT-013,4,WH-004
MNT-000930,MAT-014,8,WH-004
MNT-000931,MAT-019,2,WH-003
MNT-000932,MAT-023,2,WH-003
MNT-000933,MAT-016,7,WH-004
MNT-000934,MAT-036,6,WH-003
MNT-000935,MAT-012,5,WH-002
MNT-000936,MAT-017,5,WH-001
MNT-000937,MAT-002,1,WH-001
MNT-000937,MAT-017,1,WH-001
MNT-000938,MAT-007,6,WH-002
MNT-000940,MAT-003,2,WH-002
MNT-000940,MAT-004,4,WH-002
MNT-000941,MAT-001,4,WH-003
MNT-000943,MAT-016,4,WH-004
MNT-000943,MAT-021,3,WH-004
MNT-000944,MAT-011,1,WH-001
MNT-000945,MAT-009,6,WH-004
MNT-000946,MAT-039,7,WH-002
MNT-000947,MAT-034,2,WH-002
MNT-000948,MAT-026,4,WH-004
MNT-000949,MAT-006,7,WH-001
MNT-000950,MAT-012,1,WH-002
MNT-000950,MAT-018,4,WH-002
MNT-000951,MAT-012,3,WH-002
MNT-000952,MAT-004,1,WH-002
MNT-000953,MAT-001,5,WH-003
MNT-000955,MAT-031,4,WH-003
MNT-000955,MAT-040,6,WH-003
MNT-000956,MAT-013,6,WH-003
MNT-000957,MAT-021,6,WH-001
MNT-000958,MAT-008,4,WH-004
MNT-000958,MAT-014,6,WH-004
MNT-000959,MAT-033,2,WH-001
MNT-000960,MAT-038,2,WH-001
MNT-000961,MAT-021,7,WH-004
MNT-000963,MAT-039,6,WH-001
MNT-000964,MAT-006,3,WH-002
MNT-000965,MAT-016,3,WH-004
MNT-000966,MAT-038,2,WH-004
MNT-000967,MAT-010,2,WH-001
MNT-000967,MAT-011,6,WH-001
MNT-000968,MAT-011,2,WH-001
MNT-000968,MAT-015,6,WH-001
MNT-000969,MAT-004,2,WH-002
MNT-000970,MAT-010,1,WH-002
MNT-000971,MAT-008,1,WH-003
MNT-000971,MAT-013,3,WH-003
MNT-000972,MAT-003,3,WH-001
MNT-000972,MAT-011,5,WH-001
MNT-000973,MAT-001,3,WH-004
MNT-000974,MAT-031,4,WH-003
MNT-000975,MAT-031,1,WH-003
MNT-000976,MAT-017,6,WH-002
MNT-000977,MAT-003,5,WH-002
MNT-000977,MAT-017,5,WH-002
MNT-000978,MAT-001,7,WH-003
MNT-000979,MAT-001,3,WH-004
MNT-000979,MAT-009,6,WH-004
MNT-000980,MAT-001,6,WH-003
MNT-000981,MAT-007,3,WH-003
MNT-000981,MAT-012,2,WH-003
MNT-000982,MAT-008,6,WH-004
MNT-000984,MAT-033,2,WH-001
MNT-000985,MAT-007,5,WH-002
MNT-000986,MAT-025,4,WH-004
MNT-000987,MAT-003,3,WH-001
MNT-000988,MAT-017,7,WH-001
MNT-000990,MAT-008,6,WH-003
MNT-000990,MAT-013,2,WH-003
MNT-000991,MAT-009,1,WH-001
MNT-000991,MAT-010,2,WH-001
MNT-000992,MAT-003,3,WH-001
MNT-000993,MAT-005,7,WH-003
MNT-000995,MAT-001,6,WH-003
MNT-000996,MAT-003,5,WH-001
MNT-000996,MAT-009,5,WH-001
MNT-000997,MAT-011,6,WH-001
MNT-000998,MAT-003,1,WH-001
MNT-000999,MAT-029,4,WH-002
MNT-001000,MAT-012,5,WH-002
MNT-001001,MAT-036,1,WH-002
MNT-001002,MAT-020,5,WH-004
MNT-001003,MAT-009,4,WH-001
MNT-001004,MAT-007,5,WH-002
MNT-001004,MAT-010,3,WH-002
MNT-001005,MAT-003,4,WH-002
MNT-001005,MAT-006,2,WH-002
MNT-001006,MAT-028,3,WH-002
MNT-001006,MAT-029,3,WH-002
MNT-001007,MAT-012,2,WH-003
MNT-001008,MAT-026,5,WH-003
MNT-001009,MAT-030,1,WH-003
MNT-001010,MAT-004,2,WH-002
MNT-001011,MAT-014,2,WH-004
MNT-001012,MAT-015,6,WH-001
MNT-001012,MAT-021,3,WH-001
MNT-001013,MAT-001,4,WH-003
MNT-001013,MAT-007,1,WH-003
MNT-001014,MAT-008,3,WH-004
MNT-001014,MAT-013,1,WH-004
MNT-001015,MAT-013,6,WH-003
MNT-001016,MAT-002,4,WH-004
MNT-001016,MAT-020,1,WH-004
MNT-001017,MAT-002,2,WH-001
MNT-001017,MAT-011,5,WH-001
MNT-001018,MAT-023,3,WH-002
MNT-001020,MAT-001,6,WH-004
MNT-001021,MAT-040,2,WH-003
MNT-001022,MAT-031,8,WH-003
MNT-001023,MAT-004,4,WH-002
MNT-001024,MAT-006,7,WH-002
MNT-001025,MAT-039,6,WH-001
MNT-001027,MAT-037,3,WH-004
MNT-001028,MAT-014,4,WH-001
MNT-001028,MAT-021,1,WH-001
MNT-001029,MAT-002,3,WH-001
MNT-001030,MAT-024,7,WH-004
MNT-001031,MAT-033,8,WH-004
MNT-001032,MAT-032,2,WH-004
MNT-001033,MAT-002,4,WH-004
MNT-001034,MAT-013,8,WH-004
MNT-001035,MAT-001,3,WH-004
MNT-001035,MAT-020,5,WH-004
MNT-001036,MAT-008,8,WH-003
MNT-001037,MAT-018,1,WH-003
MNT-001038,MAT-009,8,WH-001
MNT-001040,MAT-010,6,WH-002
MNT-001041,MAT-004,4,WH-003
MNT-001042,MAT-004,8,WH-002
MNT-001043,MAT-009,5,WH-004
MNT-001044,MAT-024,3,WH-003
MNT-001046,MAT-007,4,WH-003
MNT-001047,MAT-003,4,WH-001
MNT-001048,MAT-010,3,WH-002
MNT-001049,MAT-017,2,WH-002
MNT-001050,MAT-013,4,WH-003
MNT-001051,MAT-011,3,WH-001
MNT-001052,MAT-012,4,WH-003
MNT-001052,MAT-026,3,WH-003
MNT-001053,MAT-014,3,WH-004
MNT-001054,MAT-004,2,WH-003
MNT-001055,MAT-001,6,WH-004
MNT-001056,MAT-016,2,WH-004
MNT-001057,MAT-031,2,WH-002
MNT-001058,MAT-035,1,WH-002
MNT-001059,MAT-038,5,WH-004
MNT-001060,MAT-003,6,WH-001
MNT-001061,MAT-023,7,WH-002
MNT-001062,MAT-001,1,WH-003
MNT-001063,MAT-037,8,WH-004
MNT-001065,MAT-007,5,WH-003
MNT-001067,MAT-014,6,WH-004
MNT-001068,MAT-014,4,WH-001
MNT-001069,MAT-004,6,WH-002
MNT-001071,MAT-002,8,WH-001
MNT-001072,MAT-010,5,WH-002
MNT-001073,MAT-016,6,WH-001
MNT-001074,MAT-015,7,WH-002
MNT-001075,MAT-011,6,WH-001
MNT-001076,MAT-011,6,WH-002
MNT-001077,MAT-011,4,WH-002
MNT-001078,MAT-017,6,WH-001
MNT-001078,MAT-020,3,WH-001
MNT-001079,MAT-013,6,WH-004
MNT-001080,MAT-001,2,WH-004
MNT-001081,MAT-020,1,WH-004
MNT-001082,MAT-013,2,WH-004
MNT-001083,MAT-022,6,WH-001
MNT-001084,MAT-003,4,WH-001
MNT-001085,MAT-010,2,WH-001
MNT-001086,MAT-005,5,WH-004
MNT-001086,MAT-037,5,WH-004
MNT-001087,MAT-032,8,WH-003
MNT-001089,MAT-019,2,WH-003
MNT-001090,MAT-010,3,WH-001
MNT-001090,MAT-014,3,WH-001
MNT-001091,MAT-001,5,WH-003
MNT-001093,MAT-011,4,WH-001
MNT-001094,MAT-013,3,WH-004
MNT-001095,MAT-011,6,WH-001
MNT-001096,MAT-012,5,WH-003
MNT-001097,MAT-013,5,WH-003
MNT-001098,MAT-015,6,WH-002
MNT-001099,MAT-006,1,WH-002
MNT-001099,MAT-007,3,WH-002
MNT-001100,MAT-020,1,WH-004
MNT-001101,MAT-002,1,WH-004
MNT-001101,MAT-005,2,WH-004
MNT-001102,MAT-004,6,WH-002
MNT-001102,MAT-006,2,WH-002
MNT-001103,MAT-003,3,WH-001
MNT-001104,MAT-014,6,WH-004
MNT-001105,MAT-035,3,WH-003
MNT-001106,MAT-003,4,WH-001
MNT-001106,MAT-039,2,WH-001
MNT-001107,MAT-004,4,WH-002
MNT-001107,MAT-010,4,WH-002
MNT-001108,MAT-012,4,WH-003
MNT-001109,MAT-009,2,WH-004
MNT-001109,MAT-013,5,WH-004
MNT-001110,MAT-039,6,WH-001
MNT-001111,MAT-039,4,WH-002
MNT-001113,MAT-002,8,WH-001
MNT-001114,MAT-003,1,WH-001
