field_id,month,oil_bbl,gas_mcf,water_bbl,potential_bbl,loss_bbl,downtime_loss_bbl,downtime_hours,maint_attributed_downtime_hours,lost_revenue_usd,well_days,loss_pct,oil_sold_bbl,gas_sold_mcf,revenue_usd,cost_energy_usd,cost_labor_usd,cost_maintenance_usd,cost_other_usd,cost_production_usd,cost_transportation_usd,cost_utilities_usd,opex_total_usd,cost_per_bbl_oil_sold,cost_per_boe_sold,revenue_per_bbl_oil_sold,operating_margin_usd
FIELD-001,2022-01-01,133148.9,121539.4,101798.9,142729.8,9580.9,4791.547375,421.61,345.468,632277.679,464,6.712613623784242,131107.7,111988.1,8985693.87,106604.7,626435.28,39147.51,164012.44,1120706.5,389771.79,183220.14,2629898.36,20.059068689329457,17.559300997079674,68.53673636254773,6355795.51
FIELD-001,2022-02-01,118887.1832917,108681.6,92669.9,127976.4,9089.2167083,4852.5436666666665,394.21000000000004,367.26,581118.0129845439,420,7.102260032552878,117096.1,99925.9,7878742.98,98488.88,568058.6799999999,70620.67,126877.0,1004642.41,352613.8,171829.58000000002,2393131.02,20.437324727296637,17.892512633917026,67.28441835381366,5485611.960000001
FIELD-001,2022-03-01,120971.32898779999,111278.6,96461.4,139464.2,18492.8710122,14326.114041666668,1233.51,1166.3819999999998,1208181.349587396,464,13.259941269659166,119129.5,102540.4,8207585.4399999995,109387.43,628784.16,93298.84000000001,149068.13,1059200.85,358257.51,181911.51,2579908.4299999997,21.656335584385058,18.939338107814663,68.89633079967598,5627677.01
FIELD-001,2022-04-01,125147.237028,116911.8,104259.6,132618.9,7471.662971999999,3624.2867499999998,192.35,134.24,554511.344175434,450,5.6339352626209385,123410.0,107446.8,9566776.39,106148.99,610410.91,5647.73,144925.33,1063668.15,373449.27,177639.04,2481889.42,20.110926343084028,17.56246856376196,77.52026894092862,7084886.970000001
FIELD-001,2022-05-01,123640.6924213,115549.8,105550.8,135013.6,11372.907578699998,7094.932333333333,622.52,607.73,913898.2969831739,465,8.423527391833117,121805.2,106299.7,10047158.25,105005.41,629573.11,69121.76000000001,148474.77,1072397.96,365057.3,185066.31,2574696.62,21.13782186638994,18.453720583005598,82.48546244331112,7472461.63
FIELD-001,2022-06-01,117344.6091151,109830.3,101376.4,128373.0,11028.3908849,6614.552583333333,536.86,502.574,805325.434884495,449,8.590895971037524,115941.0,101319.8,8796475.01,96818.95,614293.19,94981.87,156448.8,1030229.08,348376.05,182756.72,2523904.6599999997,21.768870891229156,19.001352329045986,75.870270309899,6272570.35
FIELD-001,2022-07-01,135711.8315107,134234.9,113139.2,143836.1,8124.2684893000005,3743.0585,333.9,274.616,665659.381300685,490,5.64828196071779,133679.3,123596.3,11420739.19,96220.72,665220.69,12866.789999999999,156387.31,1159395.37,398276.68,186529.5,2674897.06,20.009807501984227,17.338085872956526,85.43386440533426,8745842.129999999
FIELD-001,2022-08-01,135037.6,134839.8,113182.6,144842.7,9805.1,5342.578875,474.05,409.63599999999997,731914.704,495,6.769481651474323,133028.5,124086.0,10399912.83,91165.37,669805.35,32653.25,147575.9,1162936.81,394676.7,183306.96,2682120.3400000003,20.161997917739434,17.449281534322864,78.1780808623716,7717792.49
FIELD-001,2022-09-01,127490.7743942,127658.6,109176.1,136974.2,9483.425605800001,4966.942875000001,419.17,385.536,665375.683576702,480,6.9235123153119345,125668.4,117579.4,9283548.92,87484.81,651156.77,21606.91,134124.9,1111719.58,378748.8,179201.79,2564043.56,20.403248231058882,17.650804724883194,73.87337564574706,6719505.359999999
FIELD-001,2022-10-01,126319.0043685,125535.2,110822.4,138481.6,12162.5956315,8227.662916666666,673.6800000000001,613.378,826302.392541373,495,8.78282431131645,124577.7,115631.2,8875767.47,91756.12,648777.95,62116.07,148586.98,1114459.18,374056.18,187889.74,2627642.2199999997,21.092396311699442,18.266598091941884,71.24684008454162,6248125.250000001
FIELD-001,2022-11-01,125627.4069381,126642.6,112427.0,131621.6,5994.1930618999995,1801.0495,154.59,111.224,460723.468797863,480,4.554110466595148,123676.9,116376.1,9947796.97,92936.23,638287.21,13284.66,132771.91,1096728.79,365200.95,184927.8,2524137.55,20.409126926693666,17.642315602475428,80.4337509268101,7423659.420000001
FIELD-001,2022-12-01,121010.6,122054.0,109517.3,134159.5,13148.9,8501.16525,844.34,814.5459999999999,988125.7880000001,496,9.800945889035066,119231.3,112316.7,9404273.36,99760.52,663704.61,93295.54000000001,158821.33,1090102.75,363505.2,190584.04,2659773.99,22.307682546445438,19.280605505950493,78.87419964388545,6744499.369999999
FIELD-001,2023-01-01,123846.0716614,125585.0,114931.3,131108.9,7262.828338600001,3154.6826666666666,247.14,177.008,541639.091342946,496,5.53953876403509,121972.6,115592.8,9602084.98,105801.83,667260.24,12904.880000000001,148884.28,1104574.97,368709.46,184705.88,2592841.54,21.25757375017012,18.357951232222096,78.7232950679087,7009243.44
FIELD-001,2023-02-01,111666.7200758,111878.0,104207.5,117226.1,5559.400000000001,1307.9457083333334,211.03,131.316,399727.78,448,4.742459230495598,109760.7,102931.6,8302828.88,99655.05,608749.69,57480.55,141848.32,995460.32,322731.51,168192.86,2394118.3000000003,21.812163187734775,18.863806996703072,75.64482442258478,5908710.58
FIELD-001,2023-03-01,112949.5027251,117291.9,107323.7,131222.3,18272.7972749,13925.598833333333,1260.44,1201.1519999999998,1175607.1087574011,505,13.925070109958446,111429.1,108096.2,7575083.32,106859.47,682394.74,72691.74,151081.73,1060491.79,334233.73,186512.15,2594265.35,23.281758086532154,20.041428234459183,67.98119449946199,4980817.970000001
FIELD-001,2023-04-01,114648.9702415,122714.7,106172.4,134315.8,19666.8297585,15732.409791666667,1408.38,1349.6,1246391.1336782551,510,14.642231039460736,113013.6,113037.8,7555444.7,103585.57,696607.85,110417.37,128083.87,1078080.33,335962.18,177748.89,2630486.0600000005,23.275836359517797,19.950106595793255,66.85429629708283,4924958.64
FIELD-001,2023-05-01,122947.0132805,131324.6,115302.4,135632.0,12684.986719499999,8785.359958333333,838.1,800.4939999999999,785609.0091020659,527,9.352502889804764,121112.9,120900.5,7916260.0,106284.66,709398.35,33198.119999999995,147350.61,1132683.8800000001,359341.88,181543.34,2669800.84,22.04390151668402,18.899507691269438,65.36264923059393,5246459.16
FIELD-001,2023-06-01,119809.5737985,127787.7,114634.5,129325.3,9515.726201500001,5605.359541666667,530.25,493.13,599997.16459869,509,7.357977287893398,118227.8,117793.1,7842813.29,96991.4,667647.23,50804.049999999996,132953.79,1085663.88,356683.79,182710.71,2573454.85,21.766918186754722,18.667163507321863,66.33645631568886,5269358.4399999995
FIELD-001,2023-07-01,118617.3885456,127867.8,115753.0,132301.8,13684.4114544,9787.654541666667,918.01,891.76,879663.538737968,527,10.343329761499845,116921.8,117617.5,7862799.61,91540.43,707803.0,117718.78,161059.62,1101526.23,349369.16,185400.59,2714417.81,23.215669019806402,19.882244594782165,67.24836266632911,5148381.800000001
FIELD-001,2023-08-01,115540.0057748,125042.8,115382.1,128567.6,13027.5942252,9000.046333333334,859.48,790.4069999999999,888722.752310704,525,10.132875020767285,114188.7,115230.5,8145442.2,90817.33,718501.53,66192.45999999999,151422.03,1092452.48,339563.56,184921.48,2643870.87,23.153524560661435,19.820045611820742,71.33317219654835,5501571.33
FIELD-001,2023-09-01,116203.8291569,124574.4,117983.9,123051.1,6847.2708431,3287.7450416666666,382.06,342.852,435707.35124293703,509,5.564575077427183,114449.8,114725.4,7583691.16,87239.94,688885.3200000001,42221.07,148464.13999999998,1083282.72,338100.21,175686.79,2563880.19,22.401788294955516,19.194929651487936,66.26216175126562,5019810.970000001
FIELD-001,2023-10-01,109070.5280412,117689.8,112631.6,124327.6,15257.0719588,11713.793458333334,1257.84,1204.25,1115979.9499203,527,12.271669330703721,107315.4,108218.6,8188599.66,89057.4,714280.55,114728.29000000001,145084.77,1064642.78,327647.13,184183.02,2639623.94,24.59687929225442,21.05772105447201,76.30405011769048,5548975.720000001
FIELD-001,2023-11-01,139120.7091083,164452.4,122432.0,149710.6,10589.890891699999,6403.810197466667,572.33,535.232,697721.220321619,540,7.073574544287443,136822.8,151306.0,9476727.78,92433.06,731288.48,73147.52,137613.49,1218594.96,410683.35,180645.45,2844406.31,20.78897895672359,17.55367883413485,69.26278208017962,6632321.469999999
FIELD-001,2023-12-01,132146.4469274,155122.9,120645.8,150837.4,18690.9825541,13842.202583333334,1202.38,1139.99,1212874.708453346,558,12.391477547411982,130385.9,142577.1,8855821.8,97453.89,758200.83,58754.58,140134.29,1211524.52,394438.5,187611.32,2848117.9299999997,21.84375710870577,18.47642572515184,67.92008798497385,6007703.870000001
FIELD-001,2024-01-01,137172.5025297,160619.1,126941.6,147247.4,10074.8974703,5609.981833333333,552.04,512.236,684798.5112951801,555,6.842156445750486,135333.1,148064.5,9647099.82,106384.35,755914.68,48968.19,145057.44,1236128.27,403091.98,188526.24,2884071.1499999994,21.310907309446094,18.024259967912524,71.28411172137488,6763028.670000001
FIELD-001,2024-02-01,124101.1284202,145788.1,118789.8,134740.9,10639.7715798,6452.229541666667,639.48,592.816,739233.418731229,522,7.896467649986011,122317.6,134195.7,8971584.19,102036.08,706329.36,30597.879999999997,139442.77,1136276.37,372408.06,175493.53,2662584.05,21.76779179774619,18.402811169618104,73.34663359974361,6309000.14
FIELD-001,2024-03-01,134231.3312736,157612.7,132057.7,140767.6,6536.2729054,2128.2669166666665,204.07,126.054,461963.042288808,558,4.643307767838621,132024.1,144960.1,9762752.39,111619.45,751609.01,18709.800000000003,138569.04,1217230.19,392822.29,185728.74,2816288.5200000005,21.33162445341419,18.03184971753957,73.94674449589128,6946463.87
FIELD-001,2024-04-01,110472.8355469,128130.1,111408.5,133815.5,23342.674819,19584.582791666668,1863.25,1838.732,1644593.0699044298,540,17.443924522196607,108882.3,117875.0,8051103.07,103407.29,729167.11,99198.1,137984.61,1084028.51,324707.53,183021.09,2661514.24,24.443956823101644,20.70763941694737,73.9431759799343,5389588.83
FIELD-001,2024-05-01,125059.4030973,146748.5,127212.1,134679.4,9620.0036037,5155.21125,528.79,454.636,662808.1500023131,557,7.142891640221149,123386.1,135113.7,8965938.21,104277.36,760510.24,33381.17,168986.27,1174612.52,370778.68,188724.2,2801270.4400000004,22.703290240959074,19.19926993616739,72.66570715826175,6164667.7700000005
FIELD-001,2024-06-01,122306.7021779,143216.6,128049.6,128095.6,5788.8978221,1770.0815833333334,170.11,129.504,360634.76454256196,540,4.519201145160333,120487.7,131779.8,7934651.74,97709.68,727680.95,10624.55,140744.93,1144868.43,363719.1,185199.66,2670547.3000000003,22.16448068973016,18.747129188282287,65.85445435509185,5264104.4399999995
FIELD-001,2024-07-01,118875.2860644,139546.0,127888.4,129789.2,10913.9139356,6758.261666666666,752.42,668.868,712957.905659162,558,8.408953854095719,116982.9,128292.2,8001363.98,95707.98,753946.01,99323.47,158913.19,1144168.95,354870.28,187122.91,2794052.79,23.88428385687139,20.193359131456237,68.39772291505854,5207311.19
FIELD-001,2024-08-01,106314.7715535,125186.6,112786.2,126667.1,20352.3310093,16316.417791666667,1723.25,1696.306,1366921.380326127,558,16.067574776165237,104716.7,115203.2,7353453.09,88743.58,726388.0,180946.18,154655.28,1053762.3699999999,319040.39,182828.92,2706364.72,25.844633377484204,21.84009961487735,70.22235316811931,4647088.369999999
FIELD-001,2024-09-01,110415.9246202,129722.8,122710.6,120405.9,9989.9753798,6437.804083333333,798.66,758.15,691476.018625684,540,8.29691516761222,108700.3,119367.5,7865715.78,86112.09,694411.69,43716.310000000005,135868.38999999998,1079127.34,325756.71,175503.04,2540495.5700000003,23.3715598760997,19.755806017683703,72.3614909986449,5325220.21
FIELD-001,2024-10-01,107613.2,126125.5,121720.7,121983.8,14370.6,10546.232083333334,1178.24,1138.6599999999999,1071628.0720000002,558,11.780744656257633,105897.9,115841.9,8203191.53,88979.61,758218.9,58844.07,145314.18,1083901.95,320369.62,186534.05,2642162.38,24.950092305890863,21.102710290985723,77.46321249052154,5561029.15
FIELD-001,2024-11-01,105426.1272365,123321.9,121736.5,116156.2,10730.0727635,6965.664541666667,816.4300000000001,752.058,834002.940378065,540,9.23762378891527,103797.5,113513.9,8419693.14,88081.56999999999,731060.5,74257.69,154023.49,1058280.65,312312.74,178864.75,2596881.3899999997,25.018727715022035,21.16163468395783,81.11653113032588,5822811.750000001
FIELD-001,2024-12-01,109771.4106973,129629.7,128196.9,117959.8,8188.3893027,4766.035375,655.26,586.648,577014.230887503,558,6.941677845079425,108136.2,119215.4,8037023.359999999,100895.91,765005.63,56962.43,138710.22999999998,1097981.97,326985.79,181644.76,2668186.7199999997,24.674315539107162,20.844323951873914,74.32315320863873,5368836.64
FIELD-002,2022-01-01,47966.6815812,46328.0,42913.7,53777.2,5810.5184188,4172.805416666667,575.17,551.3199999999999,390688.760442683,310,10.804799094783665,47236.6,42550.8,3302802.91,104212.15,424691.79,66801.47,146026.15,543939.52,141046.88,185976.59,1612694.55,34.140783841343364,29.684190036886786,69.92041997095473,1690108.36
FIELD-002,2022-02-01,46241.5,44140.5,37365.3,54372.8,8131.3,6640.468166666667,748.23,729.1279999999999,532047.4820000001,290,14.954720007062354,45551.4,40596.3,3132927.67,96279.78,392133.1,134717.72,124171.16,513123.56,137787.45,169824.3,1568037.07,34.42346601860755,29.97158825592608,68.77785688255464,1564890.5999999999
FIELD-002,2022-03-01,72861.6982029,65049.8,47267.2,88249.4,15387.7017971,12781.136347966667,1317.71,1293.164,1024257.977906601,363,17.436607837673687,71837.8,59867.0,5034797.23,104285.85,493605.7,167980.22999999998,166963.66999999998,721376.7,216913.83,185811.1,2056937.08,28.633074509520057,25.14112518838087,70.08562664780938,2977860.1500000004
FIELD-002,2022-04-01,82235.6494358,73706.2,53829.8,89242.3,7006.6505642,4195.437708333334,338.47,321.74,519563.09145858703,360,7.851266231596451,78087.1,65442.1,6139233.91,105136.5,482508.39,36528.08,140303.45,763677.14,241658.75,176993.92,1946806.23,24.93121437471746,21.87567339189276,78.62033434459725,4192427.68
FIELD-002,2022-05-01,98121.7997366,86199.1,58709.5,105937.0,7815.200263400001,4523.253000000001,352.63,317.3,637889.8170421091,396,7.377215008354023,96662.8,79421.4,8095105.15,106008.48,541956.89,17059.33,136089.57,874314.5700000001,295373.96,186961.81,2157764.61,22.3225957658996,19.633944496663776,83.74581690164159,5937340.540000001
FIELD-002,2022-06-01,88237.58169590001,78047.1,53420.4,103252.4,15014.8183041,11745.122000000001,995.77,969.0699999999999,1118540.439838491,390,14.541858885701446,86805.0,71796.5,6681254.82,96489.85,517309.2,75330.20999999999,157079.08000000002,822287.71,257022.38999999998,178396.32,2103914.76,24.23725315362018,21.300918133090573,76.968548125108,4577340.0600000005
FIELD-002,2022-07-01,83899.7459808,74588.0,52316.8,103230.4,19330.6540192,16368.802375000001,1521.91,1498.357,1601389.929145823,403,18.725737785768533,82665.8,68667.4,7118678.5,95234.02,537510.13,155562.16,146789.97,815401.25,248205.99,189754.7,2188458.22,26.473562464767777,23.25416739424031,86.11394917849945,4930220.279999999
FIELD-002,2022-08-01,89352.4687137,79123.9,57307.2,99890.5,10538.0312863,7365.598458333333,760.08,691.484,797814.467507541,403,10.54958307977235,88006.5,72849.3,6940796.93,92438.27,549594.21,45686.65,148160.52,843787.87,263754.33,187371.05,2130792.9,24.21176731264168,21.276429246500555,78.86686699277894,4810004.029999999
FIELD-002,2022-09-01,88257.7,79035.4,58560.1,94149.7,5892.0,2789.1797083333336,299.67,238.411,419943.239,390,6.25811871944361,86915.4,72750.0,6478205.42,88621.27,528974.36,37117.380000000005,153221.73,825529.16,261204.81,178660.6,2073329.31,23.854567890155256,20.934177466973075,74.53460974694934,4404876.109999999
FIELD-002,2022-10-01,93390.6656241,86814.0,59192.1,103893.3,10502.6343759,7342.29075,724.13,648.3439999999999,725862.530608895,411,10.109058405017455,91734.2,79984.5,6628102.66,92008.24,553161.48,99093.08,142489.27,869391.78,280103.69,190802.46,2227050.0,24.277205229892452,21.196888210578315,72.25334346405158,4401052.66
FIELD-002,2022-11-01,114451.2299362,111820.4,62035.7,123083.0,8631.7715313,4613.75175,428.52000000000004,402.814,671216.248125625,420,7.012968103881121,112814.7,102802.9,9179712.09,92435.32,574280.31,107470.56,144152.79,984483.26,335661.17,177930.26,2416413.67,21.41931565655894,18.595161622339923,81.36982228379813,6763298.42
FIELD-002,2022-12-01,120644.5905544,119330.9,63293.0,137590.1,16945.5094456,12402.67825,1010.41,932.592,1290383.377744796,445,12.315936572180702,118828.3,109871.8,9519013.18,97734.84,600839.13,102572.73,172980.44,1034949.98,349758.98,181297.61,2540133.7099999995,21.37650467102533,18.52215816507089,80.10729077164278,6978879.470000001
FIELD-002,2023-01-01,148464.6898168,151297.8,72418.3,158971.3,10506.6101832,5365.634541666666,294.5,269.22,791916.351367168,465,6.609123900477634,146280.8,139424.7,11651593.08,105031.23,618795.43,56558.69,148697.78,1196917.51,442017.42,187809.98,2755828.04,18.83930112495967,16.25682214156883,79.65223788767905,8895765.04
FIELD-002,2023-02-01,128624.1,131645.2,63833.2,139795.6,11171.5,6514.253583333333,559.85,501.242,818025.511,420,7.991310169991044,126966.3,121070.8,9791539.32,98450.58,565227.2,74212.83,140274.99,1053167.85,379333.36,167555.12,2478221.93,19.51873788556491,16.84206639583739,77.11919871650981,7313317.390000001
FIELD-002,2023-03-01,137112.3199484,140906.3,71383.3,150352.3,13240.0048944,8825.914458333333,594.07,547.972,863436.365748246,465,8.805987600056667,135186.7,129654.7,9308240.14,109532.91,627429.26,60640.56,166571.02,1135447.37,408082.16,185042.62,2692745.9000000004,19.918719075175296,17.173582543496856,68.85470345825439,6615494.24
FIELD-002,2023-04-01,133926.7868632,137561.7,72894.7,141683.1,7756.329379500002,3592.8054166666666,283.7,250.418,498697.4097100451,450,5.474420999752265,131723.8,126616.2,8954579.31,106412.53,605679.39,47734.12,141246.77,1107381.64,394015.35,179802.08000000002,2582271.88,19.603684983275613,16.89675468586927,67.97996497216145,6372307.430000001
FIELD-002,2023-05-01,131105.0,135558.5,73429.3,142269.0,11164.0,6455.152166666667,504.12,449.98,710033.8160000001,465,7.847106537615362,129239.0,124678.7,8603508.24,105256.47,628958.59,55475.49,148650.03,1113510.49,387664.85,185972.42,2625488.34,20.31498495036328,17.501064077864918,66.57052623434103,5978019.9
FIELD-002,2023-06-01,136509.1389484,139950.1,73051.5,147110.0,10600.861051599999,6304.025416666666,561.0,489.04699999999997,686140.796205072,469,7.206077800013594,134603.2,128757.5,9096924.36,97468.79000000001,625878.78,89232.88,148431.44,1130359.62,409346.36,179440.0,2680157.87,19.91154645654784,17.173587531599193,67.58326963994911,6416766.489999999
FIELD-002,2023-07-01,138338.6,141239.9,72669.2,158552.2,20213.6,15762.507125,1155.81,1140.6,1331287.345,495,12.748861258311141,136451.0,130123.90000000001,9355181.97,94990.15,676323.38,106129.58,138941.23,1179416.99,405664.26,181730.55,2783196.1399999997,20.39703732475394,17.599758228529684,68.56074319719167,6571985.830000001
FIELD-002,2023-08-01,134973.1873492,137438.3,71586.5,158505.3,23532.1126508,18816.283333333333,1478.68,1443.8799999999999,1640843.894982406,496,14.846262333688529,132897.8,126282.5,9673230.17,91183.99,660351.45,156579.78999999998,145926.03,1156357.66,399722.1,184967.59,2795088.61,21.031865162553483,18.156424231053258,72.78698496137635,6878141.5600000005
FIELD-002,2023-09-01,131571.0950707,134985.2,73306.2,148170.8,16599.704929300002,12002.8595,854.87,830.312,1076752.018215357,480,11.203087875141392,129621.8,123978.4,8750003.67,86720.64,643053.11,74952.59,136899.88,1122888.35,395828.4,179084.15,2639427.12,20.362524822213548,17.562827040025766,67.50410555940435,6110576.55
FIELD-002,2023-10-01,133985.2767802,136679.7,77381.7,148284.2,14298.923219799999,9709.601083333333,806.85,746.448,1061772.238924646,494,9.642917599987051,132667.8,126531.8,10220014.33,91624.92,675929.67,53951.68,158451.87,1159036.79,395698.13,186754.33000000002,2721447.39,20.513247298892423,17.69973022267036,77.03462580972928,7498566.9399999995
FIELD-002,2023-11-01,115186.5019757,117835.8,67899.9,143197.9,28011.3980243,23844.079,1946.76,1920.4599999999998,1885504.139546797,480,19.56131900279264,113443.4,108595.0,7952514.73,86420.69,648786.84,179541.55,134188.44,1049995.52,339561.71,175781.05,2614275.8,23.044758884166026,19.873991106047548,70.1011670136826,5338238.930000001
FIELD-002,2023-12-01,129304.3108265,132363.2,79106.3,142175.3,12871.0,8865.99325,734.0500000000001,681.7819999999999,853410.686,495,9.052908627588618,128137.9,122533.4,8824152.21,99114.01,669041.27,116507.28,148144.05,1132950.35,388894.43,184125.31,2738776.7,21.373666183073084,18.43547551115104,68.86449840367293,6085375.510000001
FIELD-002,2024-01-01,131219.2554001,135048.6,82429.2,139099.9,7880.6445999,3374.6551666666664,310.64,254.853,544277.2876472459,495,5.665456696877568,129288.6,124380.1,9336437.68,106802.29000000001,670479.67,40135.03,139823.48,1140983.05,392642.28,184107.92,2674973.7199999997,20.6899426554236,17.830945114922958,72.21392821950272,6661463.96
FIELD-002,2024-02-01,114813.3,118928.1,74130.0,126203.4,11390.1,7159.678833333333,594.73,533.76,812764.237,463,9.025192665173838,113401.1,109685.9,8451643.84,102712.56,628332.53,37354.47,132506.85,1027144.77,337475.14,176843.27,2442369.5900000003,21.537441788483534,18.54747075817072,74.52876418306347,6009274.25
FIELD-002,2024-03-01,118685.2,123625.6,79235.5,131975.9,13290.7,9027.09625,786.8199999999999,742.89,950363.0009999999,495,10.070550759646268,117051.2,113785.5,8773372.83,109530.45,671809.62,98182.06,145195.87,1084391.93,357421.86,182285.38,2648817.1699999995,22.62956014120316,19.474384490879523,74.95329249080744,6124555.66
FIELD-002,2024-04-01,113803.4820205,118188.4,78510.3,126486.5,12683.0179795,9143.257541666666,850.73,795.904,910252.47261302,480,10.027171262941105,112013.1,108726.7,8364957.26,104669.77,651811.99,77344.33,148435.69999999998,1039185.32,338183.96,180806.71,2540437.78,22.67982744875376,19.521674199701256,74.67838368905065,5824519.48
FIELD-002,2024-05-01,116277.59739730001,120495.4,81856.3,127618.4,11340.8026027,7277.344,829.89,791.16,796802.245527351,496,8.886494896268877,114593.4,110738.1,8427996.28,105654.22,652920.88,118296.96,151554.87,1056425.61,341318.75,188655.86000000002,2614827.15,22.81830498091513,19.653003105981032,73.54696064520294,5813169.129999999
FIELD-002,2024-06-01,113577.920069,118216.6,82677.2,120034.9,6456.979931,2501.840875,230.78,172.508,409103.29924127,479,5.3792521433349805,111881.2,108790.2,7464966.34,97266.66,646484.19,31152.48,154656.71,1042823.8400000001,331639.94,181724.2,2485748.02,22.217745429973938,19.119241398353548,66.72225843126459,4979218.32
FIELD-002,2024-07-01,89106.8037125,92742.8,66982.3,121034.8,31927.9962875,28941.019916666668,2725.88,2689.012,2125454.73997025,496,26.37918704992283,87826.3,85369.7,6093725.77,93559.45,659009.55,112323.33,141007.34,923514.37,261983.05,190369.73,2381766.82,27.11906137455409,23.338166128419836,69.38383798474943,3711958.9499999997
FIELD-002,2024-08-01,112282.7944351,118702.5,85951.5,118486.8,6204.024998299999,2465.5118333333335,227.43,155.1,422906.880134655,496,5.236047389498239,110629.5,109150.3,7847311.78,91966.03,673015.0599999999,61726.68,137615.89,1048891.04,322956.73,184165.6,2520337.0300000003,22.781780899308053,19.56461129009158,70.9332662626153,5326974.75
FIELD-002,2024-09-01,102720.8148151,108564.3,79935.2,111853.7,9132.8851849,5381.347125,622.09,585.24,643161.464646544,480,8.165027339193966,101273.8,100013.5,7412016.72,87933.34,648805.03,60536.92,144697.47,980182.2,300864.39,185287.18,2408306.5300000003,23.780153702142115,20.419289957568385,73.1878997331985,5003710.1899999995
FIELD-002,2024-10-01,101529.5812362,107475.2,81118.9,112486.3,10956.7187638,7238.1253750000005,738.33,685.484,825092.551479262,496,9.74049174326118,99950.5,98923.7,7826412.71,90672.83,670113.28,63582.89,155285.11,1000621.66,298459.2,186575.79,2465310.7600000002,24.665316931881282,21.17277304174032,78.3028870290794,5361101.949999999
FIELD-002,2024-11-01,98511.5126041,105633.1,80956.6,106719.3,8207.7873959,5037.370375,557.05,531.456,651376.493830232,480,7.691005653054322,96965.8,97286.4,7945735.2,92575.1,633308.46,40715.35,151616.58,956952.12,286310.61,184918.0,2346396.2199999997,24.19818348324873,20.731507984612147,81.94368736193586,5599338.98
FIELD-002,2024-12-01,100697.2492064,107382.5,83657.9,108140.1,7442.8507936000005,3639.762625,445.49,394.328,531596.708899459,496,6.8826002506008415,99059.0,98841.6,7426830.92,101057.9,662801.25,75955.77,152554.52,987803.72,296241.24,185116.29,2461530.6900000004,24.84913728182195,21.305940401237404,74.97381277824327,4965300.2299999995
FIELD-003,2022-01-01,14142.7,21744.3,19956.6,15002.8,860.0999999999999,384.98879166666666,136.32999999999998,125.776,54590.17399999999,217,5.732929853094088,13953.4,20024.7,946043.04,105470.74,291569.68,56990.83,132004.45,285834.79,42169.25,186620.61,1100660.35,78.88115799733399,63.6556531344613,67.80018060114381,-154617.31000000006
FIELD-003,2022-02-01,12370.1063832,18982.3,17722.1,13372.2,1002.0936168,573.9850416666667,206.38,198.475,61791.722348056,196,7.493857531296271,12178.6,17456.2,818999.8,98865.99,265809.74,39078.82,128049.35,257574.69,36456.72,167505.52,993340.8300000001,81.56445157899923,65.83662675995662,67.24909267075033,-174341.03000000003
FIELD-003,2022-03-01,13701.496511,21411.8,19657.2,14624.9,923.403489,452.8930833333333,201.61,175.76,57974.87421387,217,6.3139131823123575,13498.2,19663.9,928589.65,110778.55,293040.82,43902.62,144155.28,281834.74,40857.28,185896.05,1100465.34,81.52682135395831,65.59949012996123,68.79359099731816,-171875.69000000006
FIELD-003,2022-04-01,12978.7,20222.7,18910.5,14041.3,1062.6000000000001,652.60225,191.62,180.75799999999998,75946.073,210,7.567675357694802,12782.1,18632.4,986999.6799999999,105882.03,282534.03,69169.2,143966.66,272587.4,38526.67,180614.06,1093280.05,85.53211522363306,68.81385051140835,77.21733361497719,-106280.37000000011
FIELD-003,2022-05-01,13184.6199135,20671.8,19509.5,14342.7,1158.0800865,689.93575,233.51,201.256,90138.88038333,217,8.074352015310925,13001.0,19031.3,1061080.99,106121.51,296843.23,54575.14,164496.71,280940.0,38937.79,187384.5,1129298.88,86.86246288747019,69.82668808798266,81.61533651257595,-68217.8899999999
FIELD-003,2022-06-01,18048.093644,27942.9,20154.9,19519.3,1471.206356,889.5570416666667,306.96999999999997,300.46999999999997,103680.37375056,220,7.537188095884585,17768.3,25698.2,1337076.76,95472.49,301591.62,68737.04000000001,137022.14,308936.12,52623.04,176602.76,1140985.21,64.21465249911358,51.74223221573904,75.25068577185212,196091.55000000005
FIELD-003,2022-07-01,28939.5,44358.0,24253.7,31751.8,2812.3,1819.4766666666667,313.92,277.288,222530.689,248,8.85713565845086,28552.3,40774.8,2421267.14,94097.59,336508.82,66197.16,154703.26,390142.35,85670.13,184688.37,1312007.6800000002,45.951033016604626,37.116780817073625,84.80112425268717,1109259.46
FIELD-003,2022-08-01,27424.2939754,41669.1,22964.8,30872.8,3448.5060246000003,2552.6834583333334,607.07,601.43,248514.526611308,248,11.170046204425903,27031.5,38407.9,2093864.73,89293.85,329560.02,151799.44,153709.7,375808.25,81715.66,190782.02,1372668.94,50.780346632632295,41.05753199575866,77.46017535097941,721195.79
FIELD-003,2022-09-01,26023.8713436,39815.6,23096.0,29419.6,3395.7286564,2559.264166666667,342.35,254.094,229113.64720832798,240,11.542402535724484,25628.0,36671.6,1873679.29,87338.26,317966.66,49802.47,141197.44,362701.31,77417.55,177784.35,1214208.0400000003,47.37818167629157,38.25490202667933,73.11063251131576,659471.2499999998
FIELD-003,2022-10-01,41189.7,53270.8,30511.7,44322.2,3132.5,1631.57025,224.43,194.184,203964.744,278,7.067564335705358,40536.0,48996.2,2826940.35,92310.54,378184.47,19268.82,172058.01,480996.94,121352.8,185583.99,1449755.57,35.76464303335307,29.767865338955733,69.7390060686797,1377184.78
FIELD-003,2022-11-01,51505.9903785,59006.3,32023.8,56180.5,4674.509621499999,2806.8302916666667,274.81,268.829,346232.794123076,288,8.320519791564687,50782.1,54387.3,3969342.66,92931.36,389931.34,27803.88,145932.15,542443.4400000001,152461.78,176814.32,1528318.27,30.095609870407092,25.537240096145734,78.16420864832294,2441024.39
FIELD-003,2022-12-01,80673.7047874,81304.8,38484.3,87244.4,6570.6952126,3967.165791666667,361.68,322.176,477975.504722004,341,7.531366153701556,79507.6,74880.1,6091576.77,100001.73,458740.11,52986.3,144779.95,733847.2,241154.16,183843.82,1915353.27,24.090191000608744,20.821859935132572,76.6162828459166,4176223.4999999995
FIELD-003,2023-01-01,90822.8954497,94875.8,40146.3,99814.9,8992.0045503,6069.149458333333,518.85,468.52,644421.4376216,359,9.008679616269717,89280.4,87391.9,6790198.83,103898.58,489555.12,46752.119999999995,147346.53,806765.91,269335.02,188825.14,2052478.42,22.989126616816232,19.764690214313124,76.05475367493874,4737720.41
FIELD-003,2023-02-01,84564.2511327,89308.2,36721.1,96741.5,12177.276901700001,9396.417291666667,742.27,680.868,845063.763760892,336,12.587438588093011,83375.4,82173.1,6112051.2299999995,97860.42,443519.03,86948.5,146902.86,736819.29,248202.44,168366.59,1928619.1300000001,23.131752651261646,19.868145848696532,73.30760907893695,4183432.0999999996
FIELD-003,2023-03-01,95968.5,103671.2,42893.8,103785.1,7816.6,4383.296125,382.04,313.98199999999997,481964.62400000007,372,7.5315242746791204,94549.7,95297.7,6181894.58,109751.25,504858.65,104761.66,143532.61,843476.81,281600.4,186019.74,2174001.12,22.993210131814276,19.686217074388782,65.38248751714707,4007893.46
FIELD-003,2023-04-01,93221.8,101237.2,43387.9,97937.4,4715.599999999999,1618.0780833333333,126.5,97.44,284847.48,360,4.814912382807793,91800.7,93243.3,5927590.33,106681.56,485635.78,4677.18,144035.34,821048.03,273471.32,180692.32,2016241.5300000003,21.963247883730737,18.783473548146684,64.57020839710373,3911348.8
FIELD-003,2023-05-01,92923.0652451,101073.6,44245.8,97769.1,4846.034754900001,1511.87925,184.75,152.972,289108.229234092,372,4.9566118077183905,91567.8,93028.0,5766337.98,101896.29,501481.83,64780.28,141965.98,829497.16,276059.26,177459.27,2093140.07,22.85890968222454,19.5488171250997,62.97342493758723,3673197.91
FIELD-003,2023-06-01,75496.214092,82721.9,37648.4,91233.4,15737.185908,13204.153,1217.26,1189.512,957100.9654894,359,17.249369099474535,75041.2,76405.8,4813548.72,89691.39,489816.12,117403.66,146763.98,730599.39,223776.85,181607.95,1979659.34,26.38096592271979,22.553666341974697,64.14541238679551,2833889.38
FIELD-003,2023-07-01,82404.7762797,90206.7,41926.8,92361.9,9957.1237203,6838.21175,664.97,630.058,613441.1878820889,372,10.780553150487377,81208.8,82996.1,5255569.96,92951.89,507813.82,95860.68,124534.24,779012.96,241919.44,184106.83000000002,2026199.8599999999,24.95049625163775,21.31911023414512,64.71675434189397,3229370.1
FIELD-003,2023-08-01,81186.2730278,89339.2,42131.4,89906.3,8720.026972200001,5853.940416666666,601.52,553.98,574620.1140735401,371,9.699016611961564,80160.7,82335.7,5544845.72,90486.02,505650.08,55627.12,170158.93,775165.02,242526.35,186139.84,2025753.36,25.27115357026573,21.577351886623806,69.17162300229414,3519092.3599999994
FIELD-003,2023-09-01,110907.4583546,124494.2,54464.9,122793.7,11886.2416454,8077.953916666667,563.28,505.315,724568.0953223599,384,9.679846478605988,109248.7,114605.7,6986190.09,87489.06,519824.36,102597.65000000001,147080.84,931126.71,326775.3,181267.42,2296161.34,21.017745199714046,17.88989171376782,63.94758097808029,4690028.75
FIELD-003,2023-10-01,121002.5213352,136890.4,60340.1,130097.2,9094.6786648,5062.225833333333,493.39,412.783,638593.5992626359,404,6.990679787727945,119176.2,126035.3,8749492.6,91135.7,537028.68,73610.91,163969.85,990027.89,359773.01,186330.56,2401876.6,20.15399551252683,17.13397705959808,73.41644220909879,6347616.0
FIELD-003,2023-11-01,116159.4670984,131007.0,57399.4,135809.2,19649.7329016,15681.636166666667,1148.8700000000001,1115.44,1247832.07703401,419,14.468631654998335,114892.3,121248.9,7657940.14,88540.43,571449.39,75694.26999999999,147167.29,995180.63,348648.37,177741.29,2404421.6700000004,20.927613686905044,17.797288388010553,66.65320600249102,5253518.469999999
FIELD-003,2023-12-01,128087.7844618,144636.8,65036.3,134904.8,6817.0155382,2539.1764583333334,236.79,169.56,426064.12802205,433,5.053204584418049,126631.0,133480.2,8307135.04,101060.69,595479.42,21098.629999999997,169630.85,1064117.5,378952.49,183484.06,2513823.64,19.8515658882896,16.88515902650296,65.60111694608744,5793311.4
FIELD-003,2024-01-01,116635.9250051,132863.1,61217.4,129752.7,13116.774994899999,8861.649583333334,712.0600000000001,665.964,855914.969411309,432,10.109057456916117,116060.9,123592.2,7969043.11,104980.91,590571.96,88166.19,160133.46,1013693.3,347564.81,185821.4,2490932.03,21.462284283509778,18.22727441028658,68.66259963519153,5478111.08
FIELD-003,2024-02-01,110708.2146061,126641.9,60017.7,118983.7,8275.4853939,4616.880708333333,392.24,349.876,558411.193975103,406,6.955142085764689,109125.9,116356.8,7743321.47,102610.85,550124.36,47277.78,157574.61000000002,949962.23,324945.56,179904.88,2312400.27,21.190205716516427,17.99271444544646,70.95768713018633,5430921.199999999
FIELD-003,2024-03-01,111443.6035502,127892.4,61588.6,122871.4,11427.7964498,8010.673583333333,693.98,675.4019999999999,781908.336272826,434,9.300615480738399,109878.6,117525.7,7856944.5600000005,108875.78,591879.97,107483.06,155090.82,984184.44,325976.23,190770.61,2464260.9099999997,22.427123297894216,19.034007275771938,71.50568500144705,5392683.65
FIELD-003,2024-04-01,103673.5130638,118689.0,59064.7,115353.2,11679.6869362,8016.558916666667,653.25,622.3679999999999,794346.243075248,420,10.125152086114646,102064.4,109108.7,7283283.82,104086.39,562230.13,133451.53,140097.28,923322.97,306312.16,185290.66,2354791.12,23.071620663032363,19.582595529754812,71.35968878472808,4928492.7
FIELD-003,2024-05-01,104745.1767131,121169.4,61715.4,115604.8,10859.6232869,7226.689125,656.07,626.13,725574.180265225,434,9.393747739626727,103072.9,111445.3,7241838.37,106211.39,590447.07,43130.54,156436.77,949008.27,309016.12,186530.26,2340780.42,22.709950142083905,19.2423830842956,70.25938311622163,4901057.95
FIELD-003,2024-06-01,95724.5402196,111134.9,57860.4,108537.3,12812.7597804,9232.925333333333,900.64,852.212,767166.530791783,420,11.804936902244666,94239.6,102251.4,5959180.8,94398.77,562866.45,67763.27,145681.95,895753.67,281233.18,184180.12,2231877.4099999997,23.68301022075645,20.056140598392364,63.23436007792902,3727303.39
FIELD-003,2024-07-01,91706.6816832,106932.1,57173.2,109225.7,17519.0183168,14201.100458333334,1365.65,1279.9019999999998,1099082.911597025,434,16.039282253901785,90540.5,98470.8,5975049.09,95239.29,591103.42,90195.23,148168.71,885065.9,274479.41000000003,182831.73,2267083.69,25.0394430116909,21.197147606923835,65.99310905064584,3707965.4
FIELD-003,2024-08-01,94524.4798503,110508.2,60641.2,105742.9,11218.420149700001,7638.092708333334,745.16,697.98,722992.877705245,434,10.609147422380133,93117.0,101584.4,6292995.63,91737.24,590006.49,69557.36,145381.73,899656.78,275819.17,182943.76,2255102.5300000003,24.217946561852298,20.492039787583085,67.58159766745062,4037893.0999999996
FIELD-003,2024-09-01,96828.9457709,112425.2,62244.2,103287.7,6458.7542291,3147.93725,355.51,324.5,431711.88461830403,420,6.253168798511342,95395.0,103345.8,6653789.46,87674.92,573228.61,34556.63,169925.5,901501.4,290513.89999999997,177875.16,2235276.12,23.431795377116202,19.84807328761589,69.7498764086168,4418513.34
FIELD-003,2024-10-01,91672.0277098,107400.0,60443.0,103346.8,11674.772290199999,8664.066833333332,809.68,782.398,838418.7511601279,433,11.296694518069257,90683.6,99251.3,6789516.8100000005,90916.2,570641.53,102642.8,140534.99,875879.6,271836.45,188485.08,2240936.65,24.711597797176115,20.899291664030734,74.87039343387337,4548580.16
FIELD-003,2024-11-01,87497.8,101844.2,59334.2,97184.7,9686.9,6747.636125,493.04,470.84,729905.889,420,9.96751546282491,86260.3,93732.6,6778008.95,91786.83,552033.36,17314.08,131311.81,839959.03,259189.29,177735.0,2069329.4,23.989360111198312,20.31096047992587,78.5762274186387,4708679.550000001
FIELD-003,2024-12-01,90785.6377044,107067.6,63260.9,97424.5,6638.8622956,3395.4915833333334,375.86,333.472,449622.592011383,434,6.8143662996474195,89593.2,98452.1,6431161.75,101040.18,594103.65,39057.869999999995,164573.87,879575.86,270225.11,185847.97,2234424.5100000002,24.939666291638208,21.079101990797966,71.78180654335374,4196737.24
FIELD-004,2022-01-01,44561.382934,61714.1,56361.4,48561.3,3999.9170660000004,2503.1165416666668,330.08,321.42199999999997,265551.701457766,278,8.236840994783913,44016.1,56867.1,3092085.86,104217.28,370333.24,47095.38,133057.6,489096.84,132569.68,188543.95,1464913.97,33.28132138013136,27.38466630338571,70.24897389818726,1627171.89
FIELD-004,2022-02-01,38836.0,53634.6,49692.6,43077.0,4241.0,2925.1078333333335,418.8,404.688,273225.314,252,9.845160990783945,38255.6,49417.7,2650898.05,98776.02,341958.43,78451.52,153819.54,444163.28,115494.95,166593.25,1399256.99,36.5765270966865,30.096801628097808,69.29437912357929,1251641.0599999998
FIELD-004,2022-03-01,43031.6686593,60435.6,55602.2,46644.0,3612.3313407,2094.5182916666668,299.63,282.72999999999996,236246.34108399,277,7.744471616285053,42789.1,56044.8,3035087.4,111023.99,371217.15,50892.33,175321.39,490836.46,129962.73,188611.03,1517865.08,35.47317143852056,29.116976629535067,70.93132129444182,1517222.3199999998
FIELD-004,2022-04-01,40251.2160999,55874.7,52083.5,44628.4,4377.1839001,2935.3290833333335,431.12,412.762,326216.956482525,269,9.808068181023742,39796.0,51607.0,3165535.87,104253.05,364834.62,63329.24,166347.24,470968.1,120547.65,178924.68,1469204.5799999998,36.9183983314906,30.357243640295746,79.5440715147251,1696331.2900000003
FIELD-004,2022-05-01,40226.5671315,55967.9,53950.1,45939.1,5712.5328685,4353.175833333334,638.25,602.678,459410.328851928,279,12.435012589493482,39614.3,51451.7,3323564.91,106075.6,376594.39,57873.12,165930.52,475997.9,119135.70999999999,186042.3,1487649.54,37.55334664502465,30.870769927802517,83.89811027835907,1835915.37
FIELD-004,2022-06-01,40598.340517,56933.9,55723.3,43809.7,3211.3594829999997,1725.9373333333333,239.95,220.527,234927.503396444,270,7.33024760041726,39992.9,52249.7,3098653.46,97309.31,366844.22,39392.630000000005,140887.7,469684.66000000003,120572.15,180154.52,1414845.19,35.377409240140125,29.051556721243255,77.4800892158358,1683808.27
FIELD-004,2022-07-01,41157.779654,58130.5,56873.8,44304.8,3147.0224423,1823.3130833333335,260.88,212.91,258613.410618411,278,7.103118493481519,40647.0,53690.0,3537502.29,95976.62,380620.27,64451.469999999994,165081.02,480950.68,120175.57,187994.27,1495249.9000000001,36.78623022609295,30.149003938542606,87.02984943538269,2042252.39
FIELD-004,2022-08-01,41194.2,57516.1,57662.0,43748.6,2554.4,1105.903875,164.92000000000002,128.568,191493.937,279,5.838815413521805,40567.7,52923.7,3240523.77,91747.13,372742.76,33257.509999999995,140673.77,484215.53,116112.69,190081.26,1428830.6500000001,35.220893715936576,28.93053957768015,79.87940578341883,1811693.1199999999
FIELD-004,2022-09-01,37828.174231,53599.4,53688.0,41257.5,3429.325769,2137.596125,370.90000000000003,299.922,241299.81835292,268,8.312005741986304,37604.3,49768.0,2829500.7,87354.44,360677.4,46857.44,153434.42,455116.18,114839.14,178749.05,1397028.07,37.150753238326466,30.43702661425203,75.24407315120877,1432472.6300000001
FIELD-004,2022-10-01,39518.7807833,56098.6,56629.0,42560.4,3041.6192167000004,1714.1650833333333,300.7,295.359,206646.03709360302,279,7.146594526132273,38903.2,51595.4,2829327.34,91708.34,377916.66,43834.61,154771.47,472586.3,115901.65,187918.39,1444637.42,37.13415400275556,30.41186142744968,72.72736792860228,1384689.92
FIELD-004,2022-11-01,50000.3307459,71580.7,59718.0,55338.6,5338.3,3573.0841666666665,334.38,303.742,410906.197,291,9.64661194898317,49251.5,65852.6,4041769.82,92771.19,394788.81,53874.07,156222.96,535691.32,147923.87,183218.48,1564490.6999999997,31.765341157122112,25.97659574232569,82.06389287635909,2477279.12
FIELD-004,2022-12-01,56681.717574199996,80734.8,63004.2,62214.6,5532.9023393,3605.12475,426.24,385.448,416470.062301557,310,8.893253897477441,55931.8,74235.2,4501819.66,100613.78,417824.96,53480.119999999995,148056.3,590145.52,166822.72,186511.59,1663454.99,29.74077340618396,24.353579177504596,80.48765925645161,2838364.67
FIELD-004,2023-01-01,53779.8937995,76974.5,59711.9,61360.8,7580.9062005,5696.4837974,753.36,729.72,568837.4788352869,310,12.35464042271287,52992.2,70866.3,4272889.91,103531.5,414118.22,81242.15,145936.36,568638.88,159757.98,185830.04,1659055.13,31.307534505078106,25.6014186016905,80.63243099927915,2613834.7800000003
FIELD-004,2023-02-01,51520.5924952,74144.0,59693.1,54780.9,3260.3075048,1469.2703333333334,161.26,140.32,236395.195185312,280,5.95154060046476,50684.9,68148.3,3945929.14,98297.97,375333.89,35423.4,152004.35,534350.51,152902.58000000002,164316.44,1512629.1400000001,29.84378266505409,24.380354899307658,77.85216385945321,2433300.0
FIELD-004,2023-03-01,56048.5,80247.7,65443.1,59649.3,3600.7999999999997,1729.2371666666666,211.28,183.954,231446.99399999998,309,6.036617361813131,55301.4,74042.5,3829652.84,111146.56,421483.33999999997,66713.91,140217.76,585010.98,164385.12,180328.55,1669286.22,30.1852434115592,24.67831738207307,69.2505585753706,2160366.62
FIELD-004,2023-04-01,53456.5081345,77316.8,63321.3,56768.2,3311.7000000000003,1532.2025833333335,226.75,203.152,209102.222,300,5.833723810161323,52634.0,71004.0,3597864.31,105641.69,412668.71,33943.67,148519.82,561658.66,158203.51,178964.96,1599601.0200000003,30.391021393015926,24.812325805050573,68.35627750123494,1998263.2899999998
FIELD-004,2023-05-01,51444.0704174,74788.2,62756.6,57926.5,6482.429582600001,4729.974958333333,634.24,591.98,403266.54582349205,310,11.190784153366769,50579.2,68719.2,3376666.64,103352.23,420175.28,50891.11,157890.61,561990.33,150827.08,184233.21,1629359.85,32.214029680184744,26.266271335624612,66.75998513222828,1747306.79
FIELD-004,2023-06-01,46513.5,67958.6,58343.4,55063.4,8549.9,6970.306041666667,791.55,751.5329999999999,543474.89,300,15.527373899904473,45790.5,62526.0,3114735.0100000002,96893.32,404504.32,107728.65000000001,164295.33,523602.79,138999.64,184060.06,1620084.1099999999,35.380354221945595,28.821221814041607,68.02142387613152,1494650.9000000004
FIELD-004,2023-07-01,53159.2292317,76680.9,66972.6,55988.9,2829.6707683,945.5041249999999,101.26,68.32,181924.910432301,309,5.053985286905083,52393.4,70572.4,3580655.83,96033.6,419650.34,16743.71,141242.65,573205.0,152836.26,188516.18,1588227.74,30.313507808235386,24.75592217654614,68.34173445510312,1992428.09
FIELD-004,2023-08-01,47791.9,69271.4,61096.9,55145.6,7353.700000000001,5649.092416666666,838.21,813.324,505947.752,310,13.335062090175828,47143.4,63785.6,3439942.45,89797.13,397223.23,135340.5,131580.75,527747.08,144401.91,181633.72,1607724.3199999998,34.102850452025095,27.827656802617074,72.96763597873722,1832218.1300000004
FIELD-004,2023-09-01,47917.7187035,70188.8,62433.7,52750.3,4832.5812965,3259.6157916666666,441.8,405.58,310020.705380385,300,9.161239455510204,47236.1,64556.7,3191709.87,87133.14,413934.38,82388.45999999999,137621.06,534904.06,140252.69,183607.73,1579841.52,33.44563839944449,27.240736918608413,67.5692927654908,1611868.35
FIELD-004,2023-10-01,110394.4203936,158994.6,87192.7,118223.8,7829.3796064,4176.609833333333,391.94,341.348,571812.745392416,362,6.622507148645196,108761.0,146300.8,8397476.46,92014.37,487489.32,32050.55,174478.65,907420.86,323606.56,185020.66999999998,2202080.98,20.24697253611129,16.539034892925827,77.21036456082604,6195395.48
FIELD-004,2023-11-01,107284.869153,154804.7,83939.1,117860.6,10575.730846999999,6912.521374999999,519.31,485.24199999999996,699119.278762385,359,8.973084174864203,105771.3,142751.6,7409801.51,90796.71,489156.45,64974.56,166093.29,886133.18,316011.18,178521.68,2191687.05,20.72099945826514,16.91596445699487,70.05493465618746,5218114.46
FIELD-004,2023-12-01,112092.5885864,163828.7,90848.1,118158.3,6065.7114136,2527.326541666667,183.49,129.636,396685.562819072,372,5.1335466180539155,110531.9,150993.7,7633195.74,101709.4,506276.68,28731.91,139448.15,921267.07,328520.52,186524.54,2212478.27,20.016649220722705,16.30448606833999,69.05875805989041,5420717.470000001
FIELD-004,2024-01-01,101960.2010699,149036.2,85139.1,113828.1,11867.8989301,8195.031041666667,706.61,655.9019999999999,814563.5672469231,372,10.426159208578548,100460.6,137291.6,7282811.24,104623.0,504488.74,103369.29000000001,162053.22,871732.29,300825.39,185536.92,2232628.85,22.223925100984864,18.101045840904842,72.49420409593412,5050182.390000001
FIELD-004,2024-02-01,97572.983143,143096.8,84697.0,101972.5,4399.5168570000005,1144.3045416666666,104.06,91.71000000000001,309148.04144134,347,4.31441502071637,97335.9,132960.0,7266321.23,102657.77,466504.2,10591.75,128499.47,832842.12,290561.56,170062.47,2001719.34,20.56506735952511,16.75136418906423,74.65201667627258,5264601.890000001
FIELD-004,2024-03-01,91897.073745,135383.5,81979.4,106908.2,15011.128344499999,12127.710625,972.36,951.386,1060139.662099115,372,14.041138420158603,90534.1,124475.7,6787251.84,110394.86,484928.7,93497.01,142090.58,808085.07,268882.06,189709.78,2097588.06,23.169038627434304,18.84963261608887,74.96900990897352,4689663.779999999
FIELD-004,2024-04-01,89168.3703707,130823.1,81156.3,100414.3,11245.9296293,7999.474708333333,646.61,605.682,792545.8502174941,360,11.199529976606918,87924.6,120544.9,6598714.89,105682.47,489966.97,79458.56999999999,140256.52,797572.11,264589.41,179360.1,2056886.15,23.393750440718524,19.042523868120675,75.04970042513699,4541828.74
FIELD-004,2024-05-01,93911.9168978,138882.3,86435.9,101033.4,7121.507634,3926.9421666666667,423.46000000000004,388.446,492353.86723435996,372,7.048666712196165,92312.8,127627.2,6811349.64,105409.79,502603.22,104857.03,166704.39,832731.67,278751.35,188798.37,2179855.8200000003,23.61379808650588,19.191574693618822,73.78553830021404,4631493.819999999
FIELD-004,2024-06-01,89616.299859,132427.5,85447.4,95430.8,5814.5001409999995,2844.653041666667,227.39000000000001,203.398,363242.925393165,360,6.0928967807039225,88384.6,121893.9,5910342.04,98046.22,488117.45,28797.46,137008.68,800096.25,263796.76,182526.88,1998389.7000000002,22.610157199331105,18.384407579559387,66.87072227514747,3911952.34
FIELD-004,2024-07-01,79683.4076544,118380.3,78502.3,96173.2,16489.7923456,13592.954666666667,1230.39,1194.008,1081840.878651584,372,17.145932906048667,78454.9,108936.6,5454318.5,90647.84,496969.46,174616.27,144586.7,755739.25,235793.26,185968.63999999998,2084321.42,26.56712863058904,21.574369585243915,69.52170610121229,3369997.08
FIELD-004,2024-08-01,84813.1962816,127222.4,85698.4,93705.5,8892.3037184,5861.3195000000005,487.86,451.536,595639.9681027,371,9.489628376562742,83544.3,117213.6,5942025.57,92321.21,497502.39,48169.91,158533.97,756816.87,249199.31,184660.21,1987203.87,23.78622922210133,19.278286746494707,71.1242486920113,3954821.7
FIELD-004,2024-09-01,78896.2285757,118627.5,80578.5,88394.2,9497.9714243,6646.048458333334,678.39,636.89,658811.658703093,360,10.745016555724245,77712.8,109233.0,5696312.17,85614.81999999999,488188.85,55206.799999999996,142347.66,747938.94,233679.99,184499.2,1937476.2599999998,24.93123732512533,20.19923476542015,73.29953585509723,3758835.91
FIELD-004,2024-10-01,83041.6675504,124694.6,86436.6,89308.5,6266.8324496000005,3441.3559999999998,432.67,353.818,466870.15237898903,371,7.017061589434377,81880.5,114770.3,6437092.62,91413.84,505598.29,59239.07,171031.24,778607.05,245580.92,186105.53,2037575.94,24.884752047190723,20.172244982413265,78.61569751039625,4399516.68
FIELD-004,2024-11-01,70332.1750289,106064.1,75121.1,84834.7,14502.5249711,12105.121458333333,1269.01,1173.964,1131806.924477593,360,17.09503890636732,69230.9,97498.6,5668054.1,89239.65,481589.86,55468.73,151872.69,706057.39,210074.07,180952.34,1875254.73,27.086961602405864,21.937764445761616,81.87173790893951,3792799.3699999996
FIELD-004,2024-12-01,80588.879309,121111.4,86962.6,85597.7,5008.820691,2315.583625,278.77,254.76999999999998,351993.14143948996,372,5.851583268008369,79317.1,111440.3,5996065.3,100287.18,505237.04,46055.09,139269.18,766426.0,237804.38,183413.68,1978492.55,24.944085827646244,20.211285945569443,75.59612366059777,4017572.75
